Vehicle_id,Vehicle_Type,Vehicle_Age,Hour,Min,FromNodeNumber,ToNodeNumber,LinkType,TimeOnThisLinkInSecond,TripDurationInSecond,Speed(mph),Acceleration(mph/s),VSP,VSP_bin,Speed_bin,OperatingMode,Energy,CO2,NOX,CO,HC,Average_Speed(MPH),CO2_Rate(g/mi),NOX_Rate(g/mi),CO_Rate((g/mi),HC_Rate(g/mi)
1,2,19,7,0,1,3,Freeway,0,0, 0.00
1,2,19,7,0,1,3,Freeway,1,1,60.00,88.00,1066.668579,VSP_>=30,>=50 mph,40,212.002869,15.235939,0.127415,3.114212,0.049929
1,2,19,7,0,1,3,Freeway,2,2,60.00, 0.00,11.488420,VSP_9_12,>=50 mph,35,71.244240,5.120086,0.052112,0.240673,0.012929
1,2,19,7,0,1,3,Freeway,3,3,60.00, 0.00,11.489421,VSP_9_12,>=50 mph,35,71.244240,5.120086,0.052112,0.240673,0.012929
1,2,19,7,0,1,3,Freeway,4,4,60.00, 0.00,11.488907,VSP_9_12,>=50 mph,35,71.244240,5.120086,0.052112,0.240673,0.012929
1,2,19,7,0,1,3,Freeway,5,5,60.00,-0.00,11.487533,VSP_9_12,>=50 mph,35,71.244240,5.120086,0.052112,0.240673,0.012929
1,2,19,7,0,1,3,Freeway,6,6,60.00,-0.00,11.486279,VSP_9_12,>=50 mph,35,71.244240,5.120086,0.052112,0.240673,0.012929
1,2,19,7,0,1,3,Freeway,7,7,60.00, 0.00,11.488379,VSP_9_12,>=50 mph,35,71.244240,5.120086,0.052112,0.240673,0.012929
1,2,19,7,0,1,3,Freeway,8,8,60.00, 0.00,11.488379,VSP_9_12,>=50 mph,35,71.244240,5.120086,0.052112,0.240673,0.012929
1,2,19,7,0,1,3,Freeway,9,9,60.00, 0.00,11.488379,VSP_9_12,>=50 mph,35,71.244240,5.120086,0.052112,0.240673,0.012929
1,2,19,7,0,1,3,Freeway,10,10,60.00, 0.00,11.490842,VSP_9_12,>=50 mph,35,71.244240,5.120086,0.052112,0.240673,0.012929
1,2,19,7,0,1,3,Freeway,11,11,60.00, 0.00,11.492135,VSP_9_12,>=50 mph,35,71.244240,5.120086,0.052112,0.240673,0.012929
1,2,19,7,0,1,3,Freeway,12,12,60.00, 0.00,11.488533,VSP_9_12,>=50 mph,35,71.244240,5.120086,0.052112,0.240673,0.012929
1,2,19,7,0,1,3,Freeway,13,13,60.00, 0.00,11.488533,VSP_9_12,>=50 mph,35,71.244240,5.120086,0.052112,0.240673,0.012929
1,2,19,7,0,1,3,Freeway,14,14,60.00, 0.00,11.488533,VSP_9_12,>=50 mph,35,71.244240,5.120086,0.052112,0.240673,0.012929
1,2,19,7,0,1,3,Freeway,15,15,60.00, 0.00,11.488533,VSP_9_12,>=50 mph,35,71.244240,5.120086,0.052112,0.240673,0.012929
1,2,19,7,0,1,3,Freeway,16,16,60.00, 0.00,11.488533,VSP_9_12,>=50 mph,35,71.244240,5.120086,0.052112,0.240673,0.012929
1,2,19,7,0,1,3,Freeway,17,17,60.00, 0.00,11.488533,VSP_9_12,>=50 mph,35,71.244240,5.120086,0.052112,0.240673,0.012929
1,2,19,7,0,1,3,Freeway,18,18,60.00, 0.00,11.488533,VSP_9_12,>=50 mph,35,71.244240,5.120086,0.052112,0.240673,0.012929
1,2,19,7,0,1,3,Freeway,19,19,60.00, 0.00,11.488533,VSP_9_12,>=50 mph,35,71.244240,5.120086,0.052112,0.240673,0.012929
1,2,19,7,0,1,3,Freeway,20,20,60.00, 0.00,11.488533,VSP_9_12,>=50 mph,35,71.244240,5.120086,0.052112,0.240673,0.012929
1,2,19,7,0,1,3,Freeway,21,21,60.00, 0.00,11.488533,VSP_9_12,>=50 mph,35,71.244240,5.120086,0.052112,0.240673,0.012929
1,2,19,7,0,1,3,Freeway,22,22,60.00, 0.00,11.488533,VSP_9_12,>=50 mph,35,71.244240,5.120086,0.052112,0.240673,0.012929
1,2,19,7,0,1,3,Freeway,23,23,60.00, 0.00,11.488533,VSP_9_12,>=50 mph,35,71.244240,5.120086,0.052112,0.240673,0.012929
1,2,19,7,0,1,3,Freeway,24,24,60.00, 0.00,11.488533,VSP_9_12,>=50 mph,35,71.244240,5.120086,0.052112,0.240673,0.012929
1,2,19,7,0,1,3,Freeway,25,25,60.00, 0.00,11.488533,VSP_9_12,>=50 mph,35,71.244240,5.120086,0.052112,0.240673,0.012929
1,2,19,7,0,1,3,Freeway,26,26,60.00, 0.00,11.488533,VSP_9_12,>=50 mph,35,71.244240,5.120086,0.052112,0.240673,0.012929
1,2,19,7,0,1,3,Freeway,27,27,60.00, 0.00,11.488533,VSP_9_12,>=50 mph,35,71.244240,5.120086,0.052112,0.240673,0.012929
1,2,19,7,0,1,3,Freeway,28,28,60.00, 0.00,11.488533,VSP_9_12,>=50 mph,35,71.244240,5.120086,0.052112,0.240673,0.012929
1,2,19,7,0,1,3,Freeway,29,29,60.00, 0.00,11.488533,VSP_9_12,>=50 mph,35,71.244240,5.120086,0.052112,0.240673,0.012929
1,2,19,7,0,1,3,Freeway,30,30,60.00, 0.00,11.488533,VSP_9_12,>=50 mph,35,71.244240,5.120086,0.052112,0.240673,0.012929
1,2,19,7,0,1,3,Freeway,31,31,60.00, 0.00,11.488533,VSP_9_12,>=50 mph,35,71.244240,5.120086,0.052112,0.240673,0.012929
1,2,19,7,0,1,3,Freeway,32,32,60.00, 0.00,11.488533,VSP_9_12,>=50 mph,35,71.244240,5.120086,0.052112,0.240673,0.012929
1,2,19,7,0,1,3,Freeway,33,33,60.00, 0.00,11.488533,VSP_9_12,>=50 mph,35,71.244240,5.120086,0.052112,0.240673,0.012929
1,2,19,7,0,1,3,Freeway,34,34,60.00, 0.00,11.488533,VSP_9_12,>=50 mph,35,71.244240,5.120086,0.052112,0.240673,0.012929
1,2,19,7,0,1,3,Freeway,35,35,60.00, 0.00,11.488533,VSP_9_12,>=50 mph,35,71.244240,5.120086,0.052112,0.240673,0.012929
1,2,19,7,0,1,3,Freeway,36,36,60.00, 0.00,11.488533,VSP_9_12,>=50 mph,35,71.244240,5.120086,0.052112,0.240673,0.012929
1,2,19,7,0,1,3,Freeway,37,37,60.00, 0.00,11.488533,VSP_9_12,>=50 mph,35,71.244240,5.120086,0.052112,0.240673,0.012929
1,2,19,7,0,1,3,Freeway,38,38,60.00, 0.00,11.488533,VSP_9_12,>=50 mph,35,71.244240,5.120086,0.052112,0.240673,0.012929
1,2,19,7,0,1,3,Freeway,39,39,60.00, 0.00,11.488533,VSP_9_12,>=50 mph,35,71.244240,5.120086,0.052112,0.240673,0.012929
1,2,19,7,0,1,3,Freeway,40,40,60.00, 0.00,11.488533,VSP_9_12,>=50 mph,35,71.244240,5.120086,0.052112,0.240673,0.012929
1,2,19,7,0,1,3,Freeway,41,41,60.00, 0.00,11.488533,VSP_9_12,>=50 mph,35,71.244240,5.120086,0.052112,0.240673,0.012929
1,2,19,7,0,1,3,Freeway,42,42,60.00, 0.00,11.488533,VSP_9_12,>=50 mph,35,71.244240,5.120086,0.052112,0.240673,0.012929
1,2,19,7,0,1,3,Freeway,43,43,60.00, 0.00,11.488533,VSP_9_12,>=50 mph,35,71.244240,5.120086,0.052112,0.240673,0.012929
1,2,19,7,0,1,3,Freeway,44,44,60.00, 0.00,11.488533,VSP_9_12,>=50 mph,35,71.244240,5.120086,0.052112,0.240673,0.012929
1,2,19,7,0,1,3,Freeway,45,45,60.00, 0.00,11.488533,VSP_9_12,>=50 mph,35,71.244240,5.120086,0.052112,0.240673,0.012929
1,2,19,7,0,1,3,Freeway,46,46,60.00, 0.00,11.488533,VSP_9_12,>=50 mph,35,71.244240,5.120086,0.052112,0.240673,0.012929
1,2,19,7,0,1,3,Freeway,47,47,60.00, 0.00,11.488533,VSP_9_12,>=50 mph,35,71.244240,5.120086,0.052112,0.240673,0.012929
1,2,19,7,0,1,3,Freeway,48,48,60.00, 0.00,11.488533,VSP_9_12,>=50 mph,35,71.244240,5.120086,0.052112,0.240673,0.012929
1,2,19,7,0,1,3,Freeway,49,49,60.00, 0.00,11.488533,VSP_9_12,>=50 mph,35,71.244240,5.120086,0.052112,0.240673,0.012929
1,2,19,7,0,1,3,Freeway,50,50,60.00, 0.00,11.488533,VSP_9_12,>=50 mph,35,71.244240,5.120086,0.052112,0.240673,0.012929
1,2,19,7,0,1,3,Freeway,51,51,60.00, 0.00,11.488533,VSP_9_12,>=50 mph,35,71.244240,5.120086,0.052112,0.240673,0.012929
1,2,19,7,0,1,3,Freeway,52,52,60.00, 0.00,11.488533,VSP_9_12,>=50 mph,35,71.244240,5.120086,0.052112,0.240673,0.012929
1,2,19,7,0,1,3,Freeway,53,53,60.00, 0.00,11.488533,VSP_9_12,>=50 mph,35,71.244240,5.120086,0.052112,0.240673,0.012929
1,2,19,7,0,1,3,Freeway,54,54,60.00, 0.00,11.488533,VSP_9_12,>=50 mph,35,71.244240,5.120086,0.052112,0.240673,0.012929
1,2,19,7,0,1,3,Freeway,55,55,60.00, 0.00,11.488533,VSP_9_12,>=50 mph,35,71.244240,5.120086,0.052112,0.240673,0.012929
1,2,19,7,0,1,3,Freeway,56,56,60.00, 0.00,11.488533,VSP_9_12,>=50 mph,35,71.244240,5.120086,0.052112,0.240673,0.012929
1,2,19,7,0,1,3,Freeway,57,57,60.00, 0.00,11.488533,VSP_9_12,>=50 mph,35,71.244240,5.120086,0.052112,0.240673,0.012929
1,2,19,7,0,1,3,Freeway,58,58,60.00, 0.00,11.488533,VSP_9_12,>=50 mph,35,71.244240,5.120086,0.052112,0.240673,0.012929
1,2,19,7,1,1,3,Freeway,59,59,60.00,-0.00,11.484070,VSP_9_12,>=50 mph,35,71.244240,5.120086,0.052112,0.240673,0.012929
1,2,19,7,1,3,4,Freeway,0,60, 0.00,-88.00,0.000000,VSP_0_3,0_25 mph,1,15.726170,1.130187,0.001979,0.036456,0.003711
1,2,19,7,1,3,4,Freeway,1,61,60.00,88.00,1066.668579,VSP_>=30,>=50 mph,40,212.002869,15.235939,0.127415,3.114212,0.049929
1,2,19,7,1,3,4,Freeway,2,62,60.00, 0.00,11.488420,VSP_9_12,>=50 mph,35,71.244240,5.120086,0.052112,0.240673,0.012929
1,2,19,7,1,3,4,Freeway,3,63,60.00, 0.00,11.489421,VSP_9_12,>=50 mph,35,71.244240,5.120086,0.052112,0.240673,0.012929
1,2,19,7,1,3,4,Freeway,4,64,60.00, 0.00,11.488907,VSP_9_12,>=50 mph,35,71.244240,5.120086,0.052112,0.240673,0.012929
1,2,19,7,1,3,4,Freeway,5,65,60.00,-0.00,11.487533,VSP_9_12,>=50 mph,35,71.244240,5.120086,0.052112,0.240673,0.012929
1,2,19,7,1,3,4,Freeway,6,66,60.00,-0.00,11.486279,VSP_9_12,>=50 mph,35,71.244240,5.120086,0.052112,0.240673,0.012929
1,2,19,7,1,3,4,Freeway,7,67,60.00, 0.00,11.488379,VSP_9_12,>=50 mph,35,71.244240,5.120086,0.052112,0.240673,0.012929
1,2,19,7,1,3,4,Freeway,8,68,60.00, 0.00,11.488379,VSP_9_12,>=50 mph,35,71.244240,5.120086,0.052112,0.240673,0.012929
1,2,19,7,1,3,4,Freeway,9,69,60.00, 0.00,11.488379,VSP_9_12,>=50 mph,35,71.244240,5.120086,0.052112,0.240673,0.012929
1,2,19,7,1,3,4,Freeway,10,70,60.00, 0.00,11.490842,VSP_9_12,>=50 mph,35,71.244240,5.120086,0.052112,0.240673,0.012929
1,2,19,7,1,3,4,Freeway,11,71,60.00, 0.00,11.492135,VSP_9_12,>=50 mph,35,71.244240,5.120086,0.052112,0.240673,0.012929
1,2,19,7,1,3,4,Freeway,12,72,60.00, 0.00,11.488533,VSP_9_12,>=50 mph,35,71.244240,5.120086,0.052112,0.240673,0.012929
1,2,19,7,1,3,4,Freeway,13,73,60.00, 0.00,11.488533,VSP_9_12,>=50 mph,35,71.244240,5.120086,0.052112,0.240673,0.012929
1,2,19,7,1,3,4,Freeway,14,74,60.00, 0.00,11.488533,VSP_9_12,>=50 mph,35,71.244240,5.120086,0.052112,0.240673,0.012929
1,2,19,7,1,3,4,Freeway,15,75,60.00, 0.00,11.488533,VSP_9_12,>=50 mph,35,71.244240,5.120086,0.052112,0.240673,0.012929
1,2,19,7,1,3,4,Freeway,16,76,60.00, 0.00,11.488533,VSP_9_12,>=50 mph,35,71.244240,5.120086,0.052112,0.240673,0.012929
1,2,19,7,1,3,4,Freeway,17,77,60.00, 0.00,11.488533,VSP_9_12,>=50 mph,35,71.244240,5.120086,0.052112,0.240673,0.012929
1,2,19,7,1,3,4,Freeway,18,78,60.00, 0.00,11.488533,VSP_9_12,>=50 mph,35,71.244240,5.120086,0.052112,0.240673,0.012929
1,2,19,7,1,3,4,Freeway,19,79,60.00, 0.00,11.488533,VSP_9_12,>=50 mph,35,71.244240,5.120086,0.052112,0.240673,0.012929
1,2,19,7,1,3,4,Freeway,20,80,60.00,-0.00,11.487302,VSP_9_12,>=50 mph,35,71.244240,5.120086,0.052112,0.240673,0.012929
1,2,19,7,1,3,4,Freeway,21,81,60.00, 0.00,11.489734,VSP_9_12,>=50 mph,35,71.244240,5.120086,0.052112,0.240673,0.012929
1,2,19,7,1,3,4,Freeway,22,82,60.00, 0.00,11.488533,VSP_9_12,>=50 mph,35,71.244240,5.120086,0.052112,0.240673,0.012929
1,2,19,7,1,3,4,Freeway,23,83,60.00, 0.00,11.488533,VSP_9_12,>=50 mph,35,71.244240,5.120086,0.052112,0.240673,0.012929
1,2,19,7,1,3,4,Freeway,24,84,60.00, 0.00,11.488533,VSP_9_12,>=50 mph,35,71.244240,5.120086,0.052112,0.240673,0.012929
1,2,19,7,1,3,4,Freeway,25,85,60.00, 0.00,11.488533,VSP_9_12,>=50 mph,35,71.244240,5.120086,0.052112,0.240673,0.012929
1,2,19,7,1,3,4,Freeway,26,86,-1500.00,-2288.01,573693.687500,VSP_>=30,0_25 mph,0,18.965370,1.362978,0.002552,0.039394,0.009384
1,2,19,7,1,3,4,Freeway,27,87,32.00,2246.94,14372.341797,VSP_>=30,25_50 mph,30,223.711197,16.077379,0.199360,5.488936,0.082944
1,2,19,7,1,3,4,Freeway,28,88,60.00,41.07,503.905914,VSP_>=30,>=50 mph,40,212.002869,15.235939,0.127415,3.114212,0.049929
1,2,19,7,1,3,4,Freeway,29,89,60.00, 0.00,11.488805,VSP_9_12,>=50 mph,35,71.244240,5.120086,0.052112,0.240673,0.012929
1,2,19,7,1,3,4,Freeway,30,90,60.00, 0.00,11.489507,VSP_9_12,>=50 mph,35,71.244240,5.120086,0.052112,0.240673,0.012929
1,2,19,7,1,3,4,Freeway,31,91,60.00,-0.00,11.487533,VSP_9_12,>=50 mph,35,71.244240,5.120086,0.052112,0.240673,0.012929
1,2,19,7,1,3,4,Freeway,32,92,60.00,-0.00,11.486279,VSP_9_12,>=50 mph,35,71.244240,5.120086,0.052112,0.240673,0.012929
1,2,19,7,1,3,4,Freeway,33,93,60.00, 0.00,11.488379,VSP_9_12,>=50 mph,35,71.244240,5.120086,0.052112,0.240673,0.012929
1,2,19,7,1,3,4,Freeway,34,94,-402.00,-677.60,52293.640625,VSP_>=30,0_25 mph,0,18.965370,1.362978,0.002552,0.039394,0.009384
1,2,19,7,1,3,4,Freeway,35,95,12.00,607.20,1456.884521,VSP_>=30,0_25 mph,16,92.134308,6.621386,0.067605,0.330004,0.015881
1,2,19,7,1,3,4,Freeway,36,96,-12.00,-35.20,83.764938,VSP_>=30,0_25 mph,0,18.965370,1.362978,0.002552,0.039394,0.009384
1,2,19,7,1,3,4,Freeway,37,97,36.00,70.40,510.345154,VSP_>=30,25_50 mph,30,223.711197,16.077379,0.199360,5.488936,0.082944
1,2,19,7,1,3,4,Freeway,38,98,60.00,35.20,433.560608,VSP_>=30,>=50 mph,40,212.002869,15.235939,0.127415,3.114212,0.049929
1,2,19,7,1,3,4,Freeway,39,99,60.00, 0.00,11.489113,VSP_9_12,>=50 mph,35,71.244240,5.120086,0.052112,0.240673,0.012929
1,2,19,7,1,3,4,Freeway,40,100,60.00, 0.00,11.489207,VSP_9_12,>=50 mph,35,71.244240,5.120086,0.052112,0.240673,0.012929
1,2,19,7,1,3,4,Freeway,41,101,60.00,-0.00,11.487841,VSP_9_12,>=50 mph,35,71.244240,5.120086,0.052112,0.240673,0.012929
1,2,19,7,1,3,4,Freeway,42,102,60.00,-0.00,11.485978,VSP_9_12,>=50 mph,35,71.244240,5.120086,0.052112,0.240673,0.012929
1,2,19,7,1,3,4,Freeway,43,103,60.00, 0.00,11.488379,VSP_9_12,>=50 mph,35,71.244240,5.120086,0.052112,0.240673,0.012929
1,2,19,7,1,3,4,Freeway,44,104,60.00, 0.00,11.488379,VSP_9_12,>=50 mph,35,71.244240,5.120086,0.052112,0.240673,0.012929
1,2,19,7,1,3,4,Freeway,45,105,60.00, 0.00,11.488379,VSP_9_12,>=50 mph,35,71.244240,5.120086,0.052112,0.240673,0.012929
1,2,19,7,1,3,4,Freeway,46,106,60.00, 0.00,11.491458,VSP_9_12,>=50 mph,35,71.244240,5.120086,0.052112,0.240673,0.012929
1,2,19,7,1,3,4,Freeway,47,107,60.00, 0.00,11.491535,VSP_9_12,>=50 mph,35,71.244240,5.120086,0.052112,0.240673,0.012929
1,2,19,7,1,3,4,Freeway,48,108,-662.00,-1058.93,130497.406250,VSP_>=30,0_25 mph,0,18.965370,1.362978,0.002552,0.039394,0.009384
1,2,19,7,1,3,4,Freeway,49,109, 0.00,970.93,0.000000,VSP_0_3,0_25 mph,1,15.726170,1.130187,0.001979,0.036456,0.003711
1,2,19,7,1,3,4,Freeway,50,110,44.00,64.53,573.216492,VSP_>=30,25_50 mph,30,223.711197,16.077379,0.199360,5.488936,0.082944
1,2,19,7,1,3,4,Freeway,51,111,60.00,23.47,292.870026,VSP_>=30,>=50 mph,40,212.002869,15.235939,0.127415,3.114212,0.049929
1,2,19,7,1,3,4,Freeway,52,112,60.00, 0.00,11.488958,VSP_9_12,>=50 mph,35,71.244240,5.120086,0.052112,0.240673,0.012929
1,2,19,7,1,3,4,Freeway,53,113,60.00, 0.00,11.489357,VSP_9_12,>=50 mph,35,71.244240,5.120086,0.052112,0.240673,0.012929
1,2,19,7,1,3,4,Freeway,54,114,60.00,-0.00,11.486609,VSP_9_12,>=50 mph,35,71.244240,5.120086,0.052112,0.240673,0.012929
1,2,19,7,1,3,4,Freeway,55,115,60.00,-0.00,11.487179,VSP_9_12,>=50 mph,35,71.244240,5.120086,0.052112,0.240673,0.012929
1,2,19,7,1,3,4,Freeway,56,116,-334.00,-577.87,37342.640625,VSP_>=30,0_25 mph,0,18.965370,1.362978,0.002552,0.039394,0.009384
1,2,19,7,1,3,4,Freeway,57,117, 0.00,489.87,0.000000,VSP_0_3,0_25 mph,1,15.726170,1.130187,0.001979,0.036456,0.003711
1,2,19,7,1,3,4,Freeway,58,118,26.00,38.13,200.308548,VSP_>=30,25_50 mph,30,223.711197,16.077379,0.199360,5.488936,0.082944
1,2,19,7,2,3,4,Freeway,59,119,60.00,49.87,609.424194,VSP_>=30,>=50 mph,40,212.002869,15.235939,0.127415,3.114212,0.049929
1,2,19,7,2,4,5,Freeway,0,120, 0.00,-88.00,0.000000,VSP_0_3,0_25 mph,1,15.726170,1.130187,0.001979,0.036456,0.003711
1,2,19,7,2,4,5,Freeway,1,121,60.00,88.00,1066.668579,VSP_>=30,>=50 mph,40,212.002869,15.235939,0.127415,3.114212,0.049929
1,2,19,7,2,4,5,Freeway,2,122,60.00, 0.00,11.488420,VSP_9_12,>=50 mph,35,71.244240,5.120086,0.052112,0.240673,0.012929
1,2,19,7,2,4,5,Freeway,3,123,60.00, 0.00,11.489421,VSP_9_12,>=50 mph,35,71.244240,5.120086,0.052112,0.240673,0.012929
1,2,19,7,2,4,5,Freeway,4,124,60.00, 0.00,11.488907,VSP_9_12,>=50 mph,35,71.244240,5.120086,0.052112,0.240673,0.012929
1,2,19,7,2,4,5,Freeway,5,125,60.00,-0.00,11.487533,VSP_9_12,>=50 mph,35,71.244240,5.120086,0.052112,0.240673,0.012929
1,2,19,7,2,4,5,Freeway,6,126,60.00,-0.00,11.486279,VSP_9_12,>=50 mph,35,71.244240,5.120086,0.052112,0.240673,0.012929
1,2,19,7,2,4,5,Freeway,7,127,60.00, 0.00,11.488379,VSP_9_12,>=50 mph,35,71.244240,5.120086,0.052112,0.240673,0.012929
1,2,19,7,2,4,5,Freeway,8,128,60.00, 0.00,11.488379,VSP_9_12,>=50 mph,35,71.244240,5.120086,0.052112,0.240673,0.012929
1,2,19,7,2,4,5,Freeway,9,129,60.00, 0.00,11.488379,VSP_9_12,>=50 mph,35,71.244240,5.120086,0.052112,0.240673,0.012929
1,2,19,7,2,4,5,Freeway,10,130,60.00, 0.00,11.490842,VSP_9_12,>=50 mph,35,71.244240,5.120086,0.052112,0.240673,0.012929
1,2,19,7,2,4,5,Freeway,11,131,60.00, 0.00,11.492135,VSP_9_12,>=50 mph,35,71.244240,5.120086,0.052112,0.240673,0.012929
1,2,19,7,2,4,5,Freeway,12,132,60.00, 0.00,11.488533,VSP_9_12,>=50 mph,35,71.244240,5.120086,0.052112,0.240673,0.012929
1,2,19,7,2,4,5,Freeway,13,133,60.00, 0.00,11.488533,VSP_9_12,>=50 mph,35,71.244240,5.120086,0.052112,0.240673,0.012929
1,2,19,7,2,4,5,Freeway,14,134,60.00, 0.00,11.488533,VSP_9_12,>=50 mph,35,71.244240,5.120086,0.052112,0.240673,0.012929
1,2,19,7,2,4,5,Freeway,15,135,60.00, 0.00,11.488533,VSP_9_12,>=50 mph,35,71.244240,5.120086,0.052112,0.240673,0.012929
1,2,19,7,2,4,5,Freeway,16,136,60.00, 0.00,11.488533,VSP_9_12,>=50 mph,35,71.244240,5.120086,0.052112,0.240673,0.012929
1,2,19,7,2,4,5,Freeway,17,137,60.00, 0.00,11.488533,VSP_9_12,>=50 mph,35,71.244240,5.120086,0.052112,0.240673,0.012929
1,2,19,7,2,4,5,Freeway,18,138,60.00, 0.00,11.488533,VSP_9_12,>=50 mph,35,71.244240,5.120086,0.052112,0.240673,0.012929
1,2,19,7,2,4,5,Freeway,19,139,60.00, 0.00,11.488533,VSP_9_12,>=50 mph,35,71.244240,5.120086,0.052112,0.240673,0.012929
1,2,19,7,2,4,5,Freeway,20,140,60.00, 0.00,11.488533,VSP_9_12,>=50 mph,35,71.244240,5.120086,0.052112,0.240673,0.012929
1,2,19,7,2,4,5,Freeway,21,141,60.00, 0.00,11.488533,VSP_9_12,>=50 mph,35,71.244240,5.120086,0.052112,0.240673,0.012929
1,2,19,7,2,4,5,Freeway,22,142,60.00, 0.00,11.488533,VSP_9_12,>=50 mph,35,71.244240,5.120086,0.052112,0.240673,0.012929
1,2,19,7,2,4,5,Freeway,23,143,60.00, 0.00,11.488533,VSP_9_12,>=50 mph,35,71.244240,5.120086,0.052112,0.240673,0.012929
1,2,19,7,2,4,5,Freeway,24,144,60.00, 0.00,11.488533,VSP_9_12,>=50 mph,35,71.244240,5.120086,0.052112,0.240673,0.012929
1,2,19,7,2,4,5,Freeway,25,145,60.00, 0.00,11.488533,VSP_9_12,>=50 mph,35,71.244240,5.120086,0.052112,0.240673,0.012929
1,2,19,7,2,4,5,Freeway,26,146,60.00, 0.00,11.488533,VSP_9_12,>=50 mph,35,71.244240,5.120086,0.052112,0.240673,0.012929
1,2,19,7,2,4,5,Freeway,27,147,60.00, 0.00,11.488533,VSP_9_12,>=50 mph,35,71.244240,5.120086,0.052112,0.240673,0.012929
1,2,19,7,2,4,5,Freeway,28,148,60.00, 0.00,11.488533,VSP_9_12,>=50 mph,35,71.244240,5.120086,0.052112,0.240673,0.012929
1,2,19,7,2,4,5,Freeway,29,149,60.00, 0.00,11.488533,VSP_9_12,>=50 mph,35,71.244240,5.120086,0.052112,0.240673,0.012929
1,2,19,7,2,4,5,Freeway,30,150,60.00, 0.00,11.488533,VSP_9_12,>=50 mph,35,71.244240,5.120086,0.052112,0.240673,0.012929
1,2,19,7,2,4,5,Freeway,31,151,60.00, 0.00,11.488533,VSP_9_12,>=50 mph,35,71.244240,5.120086,0.052112,0.240673,0.012929
1,2,19,7,2,4,5,Freeway,32,152,60.00, 0.00,11.488533,VSP_9_12,>=50 mph,35,71.244240,5.120086,0.052112,0.240673,0.012929
1,2,19,7,2,4,5,Freeway,33,153,60.00, 0.00,11.488533,VSP_9_12,>=50 mph,35,71.244240,5.120086,0.052112,0.240673,0.012929
1,2,19,7,2,4,5,Freeway,34,154,60.00, 0.00,11.488533,VSP_9_12,>=50 mph,35,71.244240,5.120086,0.052112,0.240673,0.012929
1,2,19,7,2,4,5,Freeway,35,155,60.00, 0.00,11.488533,VSP_9_12,>=50 mph,35,71.244240,5.120086,0.052112,0.240673,0.012929
1,2,19,7,2,4,5,Freeway,36,156,60.00, 0.00,11.488533,VSP_9_12,>=50 mph,35,71.244240,5.120086,0.052112,0.240673,0.012929
1,2,19,7,2,4,5,Freeway,37,157,60.00, 0.00,11.488533,VSP_9_12,>=50 mph,35,71.244240,5.120086,0.052112,0.240673,0.012929
1,2,19,7,2,4,5,Freeway,38,158,60.00, 0.00,11.488533,VSP_9_12,>=50 mph,35,71.244240,5.120086,0.052112,0.240673,0.012929
1,2,19,7,2,4,5,Freeway,39,159,60.00, 0.00,11.488533,VSP_9_12,>=50 mph,35,71.244240,5.120086,0.052112,0.240673,0.012929
1,2,19,7,2,4,5,Freeway,40,160,60.00, 0.00,11.488533,VSP_9_12,>=50 mph,35,71.244240,5.120086,0.052112,0.240673,0.012929
1,2,19,7,2,4,5,Freeway,41,161,60.00, 0.00,11.488533,VSP_9_12,>=50 mph,35,71.244240,5.120086,0.052112,0.240673,0.012929
1,2,19,7,2,4,5,Freeway,42,162,60.00, 0.00,11.488533,VSP_9_12,>=50 mph,35,71.244240,5.120086,0.052112,0.240673,0.012929
1,2,19,7,2,4,5,Freeway,43,163,60.00, 0.00,11.488533,VSP_9_12,>=50 mph,35,71.244240,5.120086,0.052112,0.240673,0.012929
1,2,19,7,2,4,5,Freeway,44,164,60.00, 0.00,11.488533,VSP_9_12,>=50 mph,35,71.244240,5.120086,0.052112,0.240673,0.012929
1,2,19,7,2,4,5,Freeway,45,165,60.00, 0.00,11.488533,VSP_9_12,>=50 mph,35,71.244240,5.120086,0.052112,0.240673,0.012929
1,2,19,7,2,4,5,Freeway,46,166,60.00, 0.00,11.488533,VSP_9_12,>=50 mph,35,71.244240,5.120086,0.052112,0.240673,0.012929
1,2,19,7,2,4,5,Freeway,47,167,60.00, 0.00,11.488533,VSP_9_12,>=50 mph,35,71.244240,5.120086,0.052112,0.240673,0.012929
1,2,19,7,2,4,5,Freeway,48,168,60.00, 0.00,11.488533,VSP_9_12,>=50 mph,35,71.244240,5.120086,0.052112,0.240673,0.012929
1,2,19,7,2,4,5,Freeway,49,169,60.00, 0.00,11.488533,VSP_9_12,>=50 mph,35,71.244240,5.120086,0.052112,0.240673,0.012929
1,2,19,7,2,4,5,Freeway,50,170,60.00, 0.00,11.488533,VSP_9_12,>=50 mph,35,71.244240,5.120086,0.052112,0.240673,0.012929
1,2,19,7,2,4,5,Freeway,51,171,60.00, 0.00,11.488533,VSP_9_12,>=50 mph,35,71.244240,5.120086,0.052112,0.240673,0.012929
1,2,19,7,2,4,5,Freeway,52,172,60.00, 0.00,11.488533,VSP_9_12,>=50 mph,35,71.244240,5.120086,0.052112,0.240673,0.012929
1,2,19,7,2,4,5,Freeway,53,173,60.00, 0.00,11.488533,VSP_9_12,>=50 mph,35,71.244240,5.120086,0.052112,0.240673,0.012929
1,2,19,7,2,4,5,Freeway,54,174,60.00, 0.00,11.488533,VSP_9_12,>=50 mph,35,71.244240,5.120086,0.052112,0.240673,0.012929
1,2,19,7,2,4,5,Freeway,55,175,60.00, 0.00,11.488533,VSP_9_12,>=50 mph,35,71.244240,5.120086,0.052112,0.240673,0.012929
1,2,19,7,2,4,5,Freeway,56,176,60.00, 0.00,11.488533,VSP_9_12,>=50 mph,35,71.244240,5.120086,0.052112,0.240673,0.012929
1,2,19,7,2,4,5,Freeway,57,177,60.00, 0.00,11.488533,VSP_9_12,>=50 mph,35,71.244240,5.120086,0.052112,0.240673,0.012929
1,2,19,7,2,4,5,Freeway,58,178,60.00, 0.00,11.488533,VSP_9_12,>=50 mph,35,71.244240,5.120086,0.052112,0.240673,0.012929
1,2,19,7,3,4,5,Freeway,59,179,60.00,-0.00,11.484070,VSP_9_12,>=50 mph,35,71.244240,5.120086,0.052112,0.240673,0.012929
1,2,19,7,3,5,6,Freeway,0,180, 0.00,-88.00,0.000000,VSP_0_3,0_25 mph,1,15.726170,1.130187,0.001979,0.036456,0.003711
1,2,19,7,3,5,6,Freeway,1,181,60.00,88.00,1066.668579,VSP_>=30,>=50 mph,40,212.002869,15.235939,0.127415,3.114212,0.049929
1,2,19,7,3,5,6,Freeway,2,182,60.00, 0.00,11.488420,VSP_9_12,>=50 mph,35,71.244240,5.120086,0.052112,0.240673,0.012929
1,2,19,7,3,5,6,Freeway,3,183,60.00, 0.00,11.489421,VSP_9_12,>=50 mph,35,71.244240,5.120086,0.052112,0.240673,0.012929
1,2,19,7,3,5,6,Freeway,4,184,60.00, 0.00,11.488907,VSP_9_12,>=50 mph,35,71.244240,5.120086,0.052112,0.240673,0.012929
1,2,19,7,3,5,6,Freeway,5,185,60.00,-0.00,11.487533,VSP_9_12,>=50 mph,35,71.244240,5.120086,0.052112,0.240673,0.012929
1,2,19,7,3,5,6,Freeway,6,186,60.00,-0.00,11.486279,VSP_9_12,>=50 mph,35,71.244240,5.120086,0.052112,0.240673,0.012929
1,2,19,7,3,5,6,Freeway,7,187,60.00, 0.00,11.488379,VSP_9_12,>=50 mph,35,71.244240,5.120086,0.052112,0.240673,0.012929
1,2,19,7,3,5,6,Freeway,8,188,60.00, 0.00,11.488379,VSP_9_12,>=50 mph,35,71.244240,5.120086,0.052112,0.240673,0.012929
1,2,19,7,3,5,6,Freeway,9,189,60.00, 0.00,11.488379,VSP_9_12,>=50 mph,35,71.244240,5.120086,0.052112,0.240673,0.012929
1,2,19,7,3,5,6,Freeway,10,190,60.00, 0.00,11.490842,VSP_9_12,>=50 mph,35,71.244240,5.120086,0.052112,0.240673,0.012929
1,2,19,7,3,5,6,Freeway,11,191,60.00, 0.00,11.492135,VSP_9_12,>=50 mph,35,71.244240,5.120086,0.052112,0.240673,0.012929
1,2,19,7,3,5,6,Freeway,12,192,60.00, 0.00,11.488533,VSP_9_12,>=50 mph,35,71.244240,5.120086,0.052112,0.240673,0.012929
1,2,19,7,3,5,6,Freeway,13,193,60.00, 0.00,11.488533,VSP_9_12,>=50 mph,35,71.244240,5.120086,0.052112,0.240673,0.012929
1,2,19,7,3,5,6,Freeway,14,194,60.00, 0.00,11.488533,VSP_9_12,>=50 mph,35,71.244240,5.120086,0.052112,0.240673,0.012929
1,2,19,7,3,5,6,Freeway,15,195,-840.00,-1320.00,201952.171875,VSP_>=30,0_25 mph,0,18.965370,1.362978,0.002552,0.039394,0.009384
1,2,19,7,3,5,6,Freeway,16,196, 0.00,1232.00,0.000000,VSP_0_3,0_25 mph,1,15.726170,1.130187,0.001979,0.036456,0.003711
1,2,19,7,3,5,6,Freeway,17,197, 0.00, 0.00,0.000000,VSP_0_3,0_25 mph,1,15.726170,1.130187,0.001979,0.036456,0.003711
1,2,19,7,3,5,6,Freeway,18,198, 0.00, 0.00,0.000000,VSP_0_3,0_25 mph,1,15.726170,1.130187,0.001979,0.036456,0.003711
1,2,19,7,3,5,6,Freeway,19,199, 0.00, 0.00,0.000000,VSP_0_3,0_25 mph,1,15.726170,1.130187,0.001979,0.036456,0.003711
1,2,19,7,3,5,6,Freeway,20,200, 0.00, 0.00,0.000000,VSP_0_3,0_25 mph,1,15.726170,1.130187,0.001979,0.036456,0.003711
1,2,19,7,3,5,6,Freeway,21,201, 0.00, 0.00,0.000000,VSP_0_3,0_25 mph,1,15.726170,1.130187,0.001979,0.036456,0.003711
1,2,19,7,3,5,6,Freeway,22,202, 0.00, 0.00,0.000000,VSP_0_3,0_25 mph,1,15.726170,1.130187,0.001979,0.036456,0.003711
1,2,19,7,3,5,6,Freeway,23,203, 0.00, 0.00,0.000000,VSP_0_3,0_25 mph,1,15.726170,1.130187,0.001979,0.036456,0.003711
1,2,19,7,3,5,6,Freeway,24,204, 0.00, 0.00,0.000000,VSP_0_3,0_25 mph,1,15.726170,1.130187,0.001979,0.036456,0.003711
1,2,19,7,3,5,6,Freeway,25,205, 0.00, 0.00,0.000000,VSP_0_3,0_25 mph,1,15.726170,1.130187,0.001979,0.036456,0.003711
1,2,19,7,3,5,6,Freeway,26,206, 0.00, 0.00,0.000000,VSP_0_3,0_25 mph,1,15.726170,1.130187,0.001979,0.036456,0.003711
1,2,19,7,3,5,6,Freeway,27,207, 0.00, 0.00,0.000000,VSP_0_3,0_25 mph,1,15.726170,1.130187,0.001979,0.036456,0.003711
1,2,19,7,3,5,6,Freeway,28,208, 0.00, 0.00,0.000000,VSP_0_3,0_25 mph,1,15.726170,1.130187,0.001979,0.036456,0.003711
1,2,19,7,3,5,6,Freeway,29,209, 0.00, 0.00,0.000000,VSP_0_3,0_25 mph,1,15.726170,1.130187,0.001979,0.036456,0.003711
1,2,19,7,3,5,6,Freeway,30,210, 0.00, 0.00,0.000000,VSP_0_3,0_25 mph,1,15.726170,1.130187,0.001979,0.036456,0.003711
1,2,19,7,3,5,6,Freeway,31,211, 0.00, 0.00,0.000000,VSP_0_3,0_25 mph,1,15.726170,1.130187,0.001979,0.036456,0.003711
1,2,19,7,3,5,6,Freeway,32,212, 0.00, 0.00,0.000000,VSP_0_3,0_25 mph,1,15.726170,1.130187,0.001979,0.036456,0.003711
1,2,19,7,3,5,6,Freeway,33,213, 0.00, 0.00,0.000000,VSP_0_3,0_25 mph,1,15.726170,1.130187,0.001979,0.036456,0.003711
1,2,19,7,3,5,6,Freeway,34,214, 0.00, 0.00,0.000000,VSP_0_3,0_25 mph,1,15.726170,1.130187,0.001979,0.036456,0.003711
1,2,19,7,3,5,6,Freeway,35,215, 0.00, 0.00,0.000000,VSP_0_3,0_25 mph,1,15.726170,1.130187,0.001979,0.036456,0.003711
1,2,19,7,3,5,6,Freeway,36,216, 0.00, 0.00,0.000000,VSP_0_3,0_25 mph,1,15.726170,1.130187,0.001979,0.036456,0.003711
1,2,19,7,3,5,6,Freeway,37,217, 0.00, 0.00,0.000000,VSP_0_3,0_25 mph,1,15.726170,1.130187,0.001979,0.036456,0.003711
1,2,19,7,3,5,6,Freeway,38,218, 0.00, 0.00,0.000000,VSP_0_3,0_25 mph,1,15.726170,1.130187,0.001979,0.036456,0.003711
1,2,19,7,3,5,6,Freeway,39,219, 0.00, 0.00,0.000000,VSP_0_3,0_25 mph,1,15.726170,1.130187,0.001979,0.036456,0.003711
1,2,19,7,3,5,6,Freeway,40,220, 0.00, 0.00,0.000000,VSP_0_3,0_25 mph,1,15.726170,1.130187,0.001979,0.036456,0.003711
1,2,19,7,3,5,6,Freeway,41,221, 0.00, 0.00,0.000000,VSP_0_3,0_25 mph,1,15.726170,1.130187,0.001979,0.036456,0.003711
1,2,19,7,3,5,6,Freeway,42,222, 0.00, 0.00,0.000000,VSP_0_3,0_25 mph,1,15.726170,1.130187,0.001979,0.036456,0.003711
1,2,19,7,3,5,6,Freeway,43,223, 0.00, 0.00,0.000000,VSP_0_3,0_25 mph,1,15.726170,1.130187,0.001979,0.036456,0.003711
1,2,19,7,3,5,6,Freeway,44,224, 0.00, 0.00,0.000000,VSP_0_3,0_25 mph,1,15.726170,1.130187,0.001979,0.036456,0.003711
1,2,19,7,3,5,6,Freeway,45,225, 0.00, 0.00,0.000000,VSP_0_3,0_25 mph,1,15.726170,1.130187,0.001979,0.036456,0.003711
1,2,19,7,3,5,6,Freeway,46,226, 0.00, 0.00,0.000000,VSP_0_3,0_25 mph,1,15.726170,1.130187,0.001979,0.036456,0.003711
1,2,19,7,3,5,6,Freeway,47,227, 0.00, 0.00,0.000000,VSP_0_3,0_25 mph,1,15.726170,1.130187,0.001979,0.036456,0.003711
1,2,19,7,3,5,6,Freeway,48,228, 0.00, 0.00,0.000000,VSP_0_3,0_25 mph,1,15.726170,1.130187,0.001979,0.036456,0.003711
1,2,19,7,3,5,6,Freeway,49,229, 0.00, 0.00,0.000000,VSP_0_3,0_25 mph,1,15.726170,1.130187,0.001979,0.036456,0.003711
1,2,19,7,3,5,6,Freeway,50,230, 0.00, 0.00,0.000000,VSP_0_3,0_25 mph,1,15.726170,1.130187,0.001979,0.036456,0.003711
1,2,19,7,3,5,6,Freeway,51,231, 0.00, 0.00,0.000000,VSP_0_3,0_25 mph,1,15.726170,1.130187,0.001979,0.036456,0.003711
1,2,19,7,3,5,6,Freeway,52,232, 0.00, 0.00,0.000000,VSP_0_3,0_25 mph,1,15.726170,1.130187,0.001979,0.036456,0.003711
1,2,19,7,3,5,6,Freeway,53,233, 0.00, 0.00,0.000000,VSP_0_3,0_25 mph,1,15.726170,1.130187,0.001979,0.036456,0.003711
1,2,19,7,3,5,6,Freeway,54,234, 0.00, 0.00,0.000000,VSP_0_3,0_25 mph,1,15.726170,1.130187,0.001979,0.036456,0.003711
1,2,19,7,3,5,6,Freeway,55,235, 0.00, 0.00,0.000000,VSP_0_3,0_25 mph,1,15.726170,1.130187,0.001979,0.036456,0.003711
1,2,19,7,3,5,6,Freeway,56,236, 0.00, 0.00,0.000000,VSP_0_3,0_25 mph,1,15.726170,1.130187,0.001979,0.036456,0.003711
1,2,19,7,3,5,6,Freeway,57,237, 0.00, 0.00,0.000000,VSP_0_3,0_25 mph,1,15.726170,1.130187,0.001979,0.036456,0.003711
1,2,19,7,3,5,6,Freeway,58,238, 2.00, 2.93,1.279786,VSP_0_3,0_25 mph,12,30.257551,2.174509,0.008649,0.094576,0.007769
1,2,19,7,4,5,6,Freeway,59,239,60.00,85.07,1031.496338,VSP_>=30,>=50 mph,40,212.002869,15.235939,0.127415,3.114212,0.049929
1,2,19,7,4,6,7,Freeway,0,240, 0.00,-88.00,0.000000,VSP_0_3,0_25 mph,1,15.726170,1.130187,0.001979,0.036456,0.003711
1,2,19,7,4,6,7,Freeway,1,241,60.00,88.00,1066.668579,VSP_>=30,>=50 mph,40,212.002869,15.235939,0.127415,3.114212,0.049929
1,2,19,7,4,6,7,Freeway,2,242,60.00, 0.00,11.488420,VSP_9_12,>=50 mph,35,71.244240,5.120086,0.052112,0.240673,0.012929
1,2,19,7,4,6,7,Freeway,3,243,60.00, 0.00,11.489421,VSP_9_12,>=50 mph,35,71.244240,5.120086,0.052112,0.240673,0.012929
1,2,19,7,4,6,7,Freeway,4,244,60.00, 0.00,11.488907,VSP_9_12,>=50 mph,35,71.244240,5.120086,0.052112,0.240673,0.012929
1,2,19,7,4,6,7,Freeway,5,245,60.00,-0.00,11.488149,VSP_9_12,>=50 mph,35,71.244240,5.120086,0.052112,0.240673,0.012929
1,2,19,7,4,6,7,Freeway,6,246,60.00,-0.00,11.485679,VSP_9_12,>=50 mph,35,71.244240,5.120086,0.052112,0.240673,0.012929
1,2,19,7,4,6,7,Freeway,7,247,60.00, 0.00,11.488379,VSP_9_12,>=50 mph,35,71.244240,5.120086,0.052112,0.240673,0.012929
1,2,19,7,4,6,7,Freeway,8,248,60.00, 0.00,11.488379,VSP_9_12,>=50 mph,35,71.244240,5.120086,0.052112,0.240673,0.012929
1,2,19,7,4,6,7,Freeway,9,249,60.00, 0.00,11.488379,VSP_9_12,>=50 mph,35,71.244240,5.120086,0.052112,0.240673,0.012929
1,2,19,7,4,6,7,Freeway,10,250,60.00, 0.00,11.489611,VSP_9_12,>=50 mph,35,71.244240,5.120086,0.052112,0.240673,0.012929
1,2,19,7,4,6,7,Freeway,11,251,60.00, 0.00,11.493336,VSP_9_12,>=50 mph,35,71.244240,5.120086,0.052112,0.240673,0.012929
1,2,19,7,4,6,7,Freeway,12,252,60.00, 0.00,11.488533,VSP_9_12,>=50 mph,35,71.244240,5.120086,0.052112,0.240673,0.012929
1,2,19,7,4,6,7,Freeway,13,253,60.00, 0.00,11.488533,VSP_9_12,>=50 mph,35,71.244240,5.120086,0.052112,0.240673,0.012929
1,2,19,7,4,6,7,Freeway,14,254,124.00,93.87,2401.056152,VSP_>=30,>=50 mph,40,212.002869,15.235939,0.127415,3.114212,0.049929
1,2,19,7,4,6,7,Freeway,15,255,60.00,-93.87,-1114.046753,VSP_<=0,>=50 mph,0,18.965370,1.362978,0.002552,0.039394,0.009384
1,2,19,7,4,6,7,Freeway,16,256,124.00,93.87,2401.056152,VSP_>=30,>=50 mph,40,212.002869,15.235939,0.127415,3.114212,0.049929
1,2,19,7,4,6,7,Freeway,17,257,60.00,-93.87,-1114.046753,VSP_<=0,>=50 mph,0,18.965370,1.362978,0.002552,0.039394,0.009384
1,2,19,7,4,6,7,Freeway,18,258,60.00, 0.00,11.488533,VSP_9_12,>=50 mph,35,71.244240,5.120086,0.052112,0.240673,0.012929
1,2,19,7,4,6,7,Freeway,19,259,60.00, 0.00,11.488533,VSP_9_12,>=50 mph,35,71.244240,5.120086,0.052112,0.240673,0.012929
1,2,19,7,4,6,7,Freeway,20,260,60.00, 0.00,11.488533,VSP_9_12,>=50 mph,35,71.244240,5.120086,0.052112,0.240673,0.012929
1,2,19,7,4,6,7,Freeway,21,261,60.00,-0.00,11.487302,VSP_9_12,>=50 mph,35,71.244240,5.120086,0.052112,0.240673,0.012929
1,2,19,7,4,6,7,Freeway,22,262,60.00, 0.00,11.489734,VSP_9_12,>=50 mph,35,71.244240,5.120086,0.052112,0.240673,0.012929
1,2,19,7,4,6,7,Freeway,23,263,60.00, 0.00,11.488533,VSP_9_12,>=50 mph,35,71.244240,5.120086,0.052112,0.240673,0.012929
1,2,19,7,4,6,7,Freeway,24,264,60.00, 0.00,11.488533,VSP_9_12,>=50 mph,35,71.244240,5.120086,0.052112,0.240673,0.012929
1,2,19,7,4,6,7,Freeway,25,265,60.00, 0.00,11.488533,VSP_9_12,>=50 mph,35,71.244240,5.120086,0.052112,0.240673,0.012929
1,2,19,7,4,6,7,Freeway,26,266,60.00, 0.00,11.488533,VSP_9_12,>=50 mph,35,71.244240,5.120086,0.052112,0.240673,0.012929
1,2,19,7,4,6,7,Freeway,27,267,60.00, 0.00,11.488533,VSP_9_12,>=50 mph,35,71.244240,5.120086,0.052112,0.240673,0.012929
1,2,19,7,4,6,7,Freeway,28,268,60.00, 0.00,11.488533,VSP_9_12,>=50 mph,35,71.244240,5.120086,0.052112,0.240673,0.012929
1,2,19,7,4,6,7,Freeway,29,269,60.00, 0.00,11.488533,VSP_9_12,>=50 mph,35,71.244240,5.120086,0.052112,0.240673,0.012929
1,2,19,7,4,6,7,Freeway,30,270,60.00, 0.00,11.488533,VSP_9_12,>=50 mph,35,71.244240,5.120086,0.052112,0.240673,0.012929
1,2,19,7,4,6,7,Freeway,31,271,60.00, 0.00,11.488533,VSP_9_12,>=50 mph,35,71.244240,5.120086,0.052112,0.240673,0.012929
1,2,19,7,4,6,7,Freeway,32,272,60.00, 0.00,11.488533,VSP_9_12,>=50 mph,35,71.244240,5.120086,0.052112,0.240673,0.012929
1,2,19,7,4,6,7,Freeway,33,273,60.00, 0.00,11.488533,VSP_9_12,>=50 mph,35,71.244240,5.120086,0.052112,0.240673,0.012929
1,2,19,7,4,6,7,Freeway,34,274,60.00, 0.00,11.488533,VSP_9_12,>=50 mph,35,71.244240,5.120086,0.052112,0.240673,0.012929
1,2,19,7,4,6,7,Freeway,35,275,60.00, 0.00,11.488533,VSP_9_12,>=50 mph,35,71.244240,5.120086,0.052112,0.240673,0.012929
1,2,19,7,4,6,7,Freeway,36,276,60.00, 0.00,11.488533,VSP_9_12,>=50 mph,35,71.244240,5.120086,0.052112,0.240673,0.012929
1,2,19,7,4,6,7,Freeway,37,277,60.00, 0.00,11.488533,VSP_9_12,>=50 mph,35,71.244240,5.120086,0.052112,0.240673,0.012929
1,2,19,7,4,6,7,Freeway,38,278,60.00, 0.00,11.488533,VSP_9_12,>=50 mph,35,71.244240,5.120086,0.052112,0.240673,0.012929
1,2,19,7,4,6,7,Freeway,39,279,60.00,-0.00,11.486071,VSP_9_12,>=50 mph,35,71.244240,5.120086,0.052112,0.240673,0.012929
1,2,19,7,4,6,7,Freeway,40,280,60.00, 0.00,11.490934,VSP_9_12,>=50 mph,35,71.244240,5.120086,0.052112,0.240673,0.012929
1,2,19,7,4,6,7,Freeway,41,281,60.00, 0.00,11.488533,VSP_9_12,>=50 mph,35,71.244240,5.120086,0.052112,0.240673,0.012929
1,2,19,7,4,6,7,Freeway,42,282,60.00, 0.00,11.488533,VSP_9_12,>=50 mph,35,71.244240,5.120086,0.052112,0.240673,0.012929
1,2,19,7,4,6,7,Freeway,43,283,60.00, 0.00,11.488533,VSP_9_12,>=50 mph,35,71.244240,5.120086,0.052112,0.240673,0.012929
1,2,19,7,4,6,7,Freeway,44,284,-100.00,-234.67,4654.020508,VSP_>=30,0_25 mph,0,18.965370,1.362978,0.002552,0.039394,0.009384
1,2,19,7,4,6,7,Freeway,45,285,-100.00, 0.00,-35.673626,VSP_<=0,0_25 mph,11,23.633001,1.698425,0.003801,0.065651,0.008516
1,2,19,7,4,6,7,Freeway,46,286,-100.00, 0.00,-35.673626,VSP_<=0,0_25 mph,11,23.633001,1.698425,0.003801,0.065651,0.008516
1,2,19,7,4,6,7,Freeway,47,287,-46.00,79.20,-733.119446,VSP_<=0,0_25 mph,11,23.633001,1.698425,0.003801,0.065651,0.008516
1,2,19,7,4,6,7,Freeway,48,288,-14.00,46.93,-132.084641,VSP_<=0,0_25 mph,11,23.633001,1.698425,0.003801,0.065651,0.008516
1,2,19,7,4,6,7,Freeway,49,289,-14.00, 0.00,-0.773450,VSP_<=0,0_25 mph,11,23.633001,1.698425,0.003801,0.065651,0.008516
1,2,19,7,4,6,7,Freeway,50,290,-14.00, 0.00,-0.773450,VSP_<=0,0_25 mph,11,23.633001,1.698425,0.003801,0.065651,0.008516
1,2,19,7,4,6,7,Freeway,51,291,-14.00, 0.00,-0.773450,VSP_<=0,0_25 mph,11,23.633001,1.698425,0.003801,0.065651,0.008516
1,2,19,7,4,6,7,Freeway,52,292,-14.00, 0.00,-0.773450,VSP_<=0,0_25 mph,11,23.633001,1.698425,0.003801,0.065651,0.008516
1,2,19,7,4,6,7,Freeway,53,293,-24.00,-14.67,68.788788,VSP_>=30,0_25 mph,0,18.965370,1.362978,0.002552,0.039394,0.009384
1,2,19,7,4,6,7,Freeway,54,294,-14.00,14.67,-41.808681,VSP_<=0,0_25 mph,11,23.633001,1.698425,0.003801,0.065651,0.008516
1,2,19,7,4,6,7,Freeway,55,295,-46.00,-46.93,426.406586,VSP_>=30,0_25 mph,0,18.965370,1.362978,0.002552,0.039394,0.009384
1,2,19,7,4,6,7,Freeway,56,296,60.00,155.47,1875.652588,VSP_>=30,>=50 mph,40,212.002869,15.235939,0.127415,3.114212,0.049929
1,2,19,7,4,6,7,Freeway,57,297,60.00, 0.00,11.488533,VSP_9_12,>=50 mph,35,71.244240,5.120086,0.052112,0.240673,0.012929
1,2,19,7,4,6,7,Freeway,58,298,60.00, 0.00,11.488533,VSP_9_12,>=50 mph,35,71.244240,5.120086,0.052112,0.240673,0.012929
1,2,19,7,5,6,7,Freeway,59,299,60.00,-0.00,11.484070,VSP_9_12,>=50 mph,35,71.244240,5.120086,0.052112,0.240673,0.012929
1,2,19,7,5,7,8,Freeway,0,300, 0.00,-88.00,0.000000,VSP_0_3,0_25 mph,1,15.726170,1.130187,0.001979,0.036456,0.003711
1,2,19,7,5,7,8,Freeway,1,301,60.00,88.00,1066.668579,VSP_>=30,>=50 mph,40,212.002869,15.235939,0.127415,3.114212,0.049929
1,2,19,7,5,7,8,Freeway,2,302,60.00, 0.00,11.488420,VSP_9_12,>=50 mph,35,71.244240,5.120086,0.052112,0.240673,0.012929
1,2,19,7,5,7,8,Freeway,3,303,60.00, 0.00,11.489421,VSP_9_12,>=50 mph,35,71.244240,5.120086,0.052112,0.240673,0.012929
1,2,19,7,5,7,8,Freeway,4,304,60.00, 0.00,11.488907,VSP_9_12,>=50 mph,35,71.244240,5.120086,0.052112,0.240673,0.012929
1,2,19,7,5,7,8,Freeway,5,305,60.00,-0.00,11.487533,VSP_9_12,>=50 mph,35,71.244240,5.120086,0.052112,0.240673,0.012929
1,2,19,7,5,7,8,Freeway,6,306,60.00,-0.00,11.486279,VSP_9_12,>=50 mph,35,71.244240,5.120086,0.052112,0.240673,0.012929
1,2,19,7,5,7,8,Freeway,7,307,60.00, 0.00,11.488379,VSP_9_12,>=50 mph,35,71.244240,5.120086,0.052112,0.240673,0.012929
1,2,19,7,5,7,8,Freeway,8,308,60.00, 0.00,11.488379,VSP_9_12,>=50 mph,35,71.244240,5.120086,0.052112,0.240673,0.012929
1,2,19,7,5,7,8,Freeway,9,309,60.00, 0.00,11.488379,VSP_9_12,>=50 mph,35,71.244240,5.120086,0.052112,0.240673,0.012929
1,2,19,7,5,7,8,Freeway,10,310,60.00, 0.00,11.490842,VSP_9_12,>=50 mph,35,71.244240,5.120086,0.052112,0.240673,0.012929
1,2,19,7,5,7,8,Freeway,11,311,60.00, 0.00,11.492135,VSP_9_12,>=50 mph,35,71.244240,5.120086,0.052112,0.240673,0.012929
1,2,19,7,5,7,8,Freeway,12,312,60.00, 0.00,11.488533,VSP_9_12,>=50 mph,35,71.244240,5.120086,0.052112,0.240673,0.012929
1,2,19,7,5,7,8,Freeway,13,313,60.00, 0.00,11.488533,VSP_9_12,>=50 mph,35,71.244240,5.120086,0.052112,0.240673,0.012929
1,2,19,7,5,7,8,Freeway,14,314,60.00, 0.00,11.488533,VSP_9_12,>=50 mph,35,71.244240,5.120086,0.052112,0.240673,0.012929
1,2,19,7,5,7,8,Freeway,15,315,60.00, 0.00,11.488533,VSP_9_12,>=50 mph,35,71.244240,5.120086,0.052112,0.240673,0.012929
1,2,19,7,5,7,8,Freeway,16,316,60.00, 0.00,11.488533,VSP_9_12,>=50 mph,35,71.244240,5.120086,0.052112,0.240673,0.012929
1,2,19,7,5,7,8,Freeway,17,317,60.00, 0.00,11.488533,VSP_9_12,>=50 mph,35,71.244240,5.120086,0.052112,0.240673,0.012929
1,2,19,7,5,7,8,Freeway,18,318,60.00, 0.00,11.488533,VSP_9_12,>=50 mph,35,71.244240,5.120086,0.052112,0.240673,0.012929
1,2,19,7,5,7,8,Freeway,19,319,60.00, 0.00,11.488533,VSP_9_12,>=50 mph,35,71.244240,5.120086,0.052112,0.240673,0.012929
1,2,19,7,5,7,8,Freeway,20,320,60.00,-0.00,11.487302,VSP_9_12,>=50 mph,35,71.244240,5.120086,0.052112,0.240673,0.012929
1,2,19,7,5,7,8,Freeway,21,321,60.00, 0.00,11.489734,VSP_9_12,>=50 mph,35,71.244240,5.120086,0.052112,0.240673,0.012929
1,2,19,7,5,7,8,Freeway,22,322,60.00, 0.00,11.488533,VSP_9_12,>=50 mph,35,71.244240,5.120086,0.052112,0.240673,0.012929
1,2,19,7,5,7,8,Freeway,23,323,60.00, 0.00,11.488533,VSP_9_12,>=50 mph,35,71.244240,5.120086,0.052112,0.240673,0.012929
1,2,19,7,5,7,8,Freeway,24,324,60.00, 0.00,11.488533,VSP_9_12,>=50 mph,35,71.244240,5.120086,0.052112,0.240673,0.012929
1,2,19,7,5,7,8,Freeway,25,325,60.00, 0.00,11.488533,VSP_9_12,>=50 mph,35,71.244240,5.120086,0.052112,0.240673,0.012929
1,2,19,7,5,7,8,Freeway,26,326,60.00, 0.00,11.488533,VSP_9_12,>=50 mph,35,71.244240,5.120086,0.052112,0.240673,0.012929
1,2,19,7,5,7,8,Freeway,27,327,60.00, 0.00,11.488533,VSP_9_12,>=50 mph,35,71.244240,5.120086,0.052112,0.240673,0.012929
1,2,19,7,5,7,8,Freeway,28,328,60.00, 0.00,11.488533,VSP_9_12,>=50 mph,35,71.244240,5.120086,0.052112,0.240673,0.012929
1,2,19,7,5,7,8,Freeway,29,329,60.00, 0.00,11.488533,VSP_9_12,>=50 mph,35,71.244240,5.120086,0.052112,0.240673,0.012929
1,2,19,7,5,7,8,Freeway,30,330,60.00, 0.00,11.488533,VSP_9_12,>=50 mph,35,71.244240,5.120086,0.052112,0.240673,0.012929
1,2,19,7,5,7,8,Freeway,31,331,60.00, 0.00,11.488533,VSP_9_12,>=50 mph,35,71.244240,5.120086,0.052112,0.240673,0.012929
1,2,19,7,5,7,8,Freeway,32,332,60.00, 0.00,11.488533,VSP_9_12,>=50 mph,35,71.244240,5.120086,0.052112,0.240673,0.012929
1,2,19,7,5,7,8,Freeway,33,333,60.00, 0.00,11.488533,VSP_9_12,>=50 mph,35,71.244240,5.120086,0.052112,0.240673,0.012929
1,2,19,7,5,7,8,Freeway,34,334,60.00, 0.00,11.488533,VSP_9_12,>=50 mph,35,71.244240,5.120086,0.052112,0.240673,0.012929
1,2,19,7,5,7,8,Freeway,35,335,60.00, 0.00,11.488533,VSP_9_12,>=50 mph,35,71.244240,5.120086,0.052112,0.240673,0.012929
1,2,19,7,5,7,8,Freeway,36,336,60.00, 0.00,11.488533,VSP_9_12,>=50 mph,35,71.244240,5.120086,0.052112,0.240673,0.012929
1,2,19,7,5,7,8,Freeway,37,337,-2160.01,-3256.01,1070049.125000,VSP_>=30,0_25 mph,0,18.965370,1.362978,0.002552,0.039394,0.009384
1,2,19,7,5,7,8,Freeway,38,338, 0.00,3168.01,0.000000,VSP_0_3,0_25 mph,1,15.726170,1.130187,0.001979,0.036456,0.003711
1,2,19,7,5,7,8,Freeway,39,339, 0.00, 0.00,0.000000,VSP_0_3,0_25 mph,1,15.726170,1.130187,0.001979,0.036456,0.003711
1,2,19,7,5,7,8,Freeway,40,340, 0.00, 0.00,0.000000,VSP_0_3,0_25 mph,1,15.726170,1.130187,0.001979,0.036456,0.003711
1,2,19,7,5,7,8,Freeway,41,341, 0.00, 0.00,0.000000,VSP_0_3,0_25 mph,1,15.726170,1.130187,0.001979,0.036456,0.003711
1,2,19,7,5,7,8,Freeway,42,342, 0.00, 0.00,0.000000,VSP_0_3,0_25 mph,1,15.726170,1.130187,0.001979,0.036456,0.003711
1,2,19,7,5,7,8,Freeway,43,343, 0.00, 0.00,0.000000,VSP_0_3,0_25 mph,1,15.726170,1.130187,0.001979,0.036456,0.003711
1,2,19,7,5,7,8,Freeway,44,344, 0.00, 0.00,0.000000,VSP_0_3,0_25 mph,1,15.726170,1.130187,0.001979,0.036456,0.003711
1,2,19,7,5,7,8,Freeway,45,345, 0.00, 0.00,0.000000,VSP_0_3,0_25 mph,1,15.726170,1.130187,0.001979,0.036456,0.003711
1,2,19,7,5,7,8,Freeway,46,346, 0.00, 0.00,0.000000,VSP_0_3,0_25 mph,1,15.726170,1.130187,0.001979,0.036456,0.003711
1,2,19,7,5,7,8,Freeway,47,347, 0.00, 0.00,0.000000,VSP_0_3,0_25 mph,1,15.726170,1.130187,0.001979,0.036456,0.003711
1,2,19,7,5,7,8,Freeway,48,348, 0.00, 0.00,0.000000,VSP_0_3,0_25 mph,1,15.726170,1.130187,0.001979,0.036456,0.003711
1,2,19,7,5,7,8,Freeway,49,349, 0.00, 0.00,0.000000,VSP_0_3,0_25 mph,1,15.726170,1.130187,0.001979,0.036456,0.003711
1,2,19,7,5,7,8,Freeway,50,350, 0.00, 0.00,0.000000,VSP_0_3,0_25 mph,1,15.726170,1.130187,0.001979,0.036456,0.003711
1,2,19,7,5,7,8,Freeway,51,351, 0.00, 0.00,0.000000,VSP_0_3,0_25 mph,1,15.726170,1.130187,0.001979,0.036456,0.003711
1,2,19,7,5,7,8,Freeway,52,352, 0.00, 0.00,0.000000,VSP_0_3,0_25 mph,1,15.726170,1.130187,0.001979,0.036456,0.003711
1,2,19,7,5,7,8,Freeway,53,353, 0.00, 0.00,0.000000,VSP_0_3,0_25 mph,1,15.726170,1.130187,0.001979,0.036456,0.003711
1,2,19,7,5,7,8,Freeway,54,354, 0.00, 0.00,0.000000,VSP_0_3,0_25 mph,1,15.726170,1.130187,0.001979,0.036456,0.003711
1,2,19,7,5,7,8,Freeway,55,355, 0.00, 0.00,0.000000,VSP_0_3,0_25 mph,1,15.726170,1.130187,0.001979,0.036456,0.003711
1,2,19,7,5,7,8,Freeway,56,356, 0.00, 0.00,0.000000,VSP_0_3,0_25 mph,1,15.726170,1.130187,0.001979,0.036456,0.003711
1,2,19,7,5,7,8,Freeway,57,357, 0.00, 0.00,0.000000,VSP_0_3,0_25 mph,1,15.726170,1.130187,0.001979,0.036456,0.003711
1,2,19,7,5,7,8,Freeway,58,358, 0.00, 0.00,0.000000,VSP_0_3,0_25 mph,1,15.726170,1.130187,0.001979,0.036456,0.003711
1,2,19,7,6,7,8,Freeway,59,359, 0.00, 0.00,0.000000,VSP_0_3,0_25 mph,1,15.726170,1.130187,0.001979,0.036456,0.003711
1,2,19,7,6,7,8,Freeway,60,360, 0.00, 0.00,0.000000,VSP_0_3,0_25 mph,1,15.726170,1.130187,0.001979,0.036456,0.003711
1,2,19,7,6,7,8,Freeway,61,361, 0.00, 0.00,0.000000,VSP_0_3,0_25 mph,1,15.726170,1.130187,0.001979,0.036456,0.003711
1,2,19,7,6,7,8,Freeway,62,362, 0.00, 0.00,0.000000,VSP_0_3,0_25 mph,1,15.726170,1.130187,0.001979,0.036456,0.003711
1,2,19,7,6,7,8,Freeway,63,363, 0.00, 0.00,0.000000,VSP_0_3,0_25 mph,1,15.726170,1.130187,0.001979,0.036456,0.003711
1,2,19,7,6,7,8,Freeway,64,364, 0.00, 0.00,0.000000,VSP_0_3,0_25 mph,1,15.726170,1.130187,0.001979,0.036456,0.003711
1,2,19,7,6,7,8,Freeway,65,365, 0.00, 0.00,0.000000,VSP_0_3,0_25 mph,1,15.726170,1.130187,0.001979,0.036456,0.003711
1,2,19,7,6,7,8,Freeway,66,366, 0.00, 0.00,0.000000,VSP_0_3,0_25 mph,1,15.726170,1.130187,0.001979,0.036456,0.003711
1,2,19,7,6,7,8,Freeway,67,367, 0.00, 0.00,0.000000,VSP_0_3,0_25 mph,1,15.726170,1.130187,0.001979,0.036456,0.003711
1,2,19,7,6,7,8,Freeway,68,368, 0.00, 0.00,0.000000,VSP_0_3,0_25 mph,1,15.726170,1.130187,0.001979,0.036456,0.003711
1,2,19,7,6,7,8,Freeway,69,369, 0.00, 0.00,0.000000,VSP_0_3,0_25 mph,1,15.726170,1.130187,0.001979,0.036456,0.003711
1,2,19,7,6,7,8,Freeway,70,370, 0.00, 0.00,0.000000,VSP_0_3,0_25 mph,1,15.726170,1.130187,0.001979,0.036456,0.003711
1,2,19,7,6,7,8,Freeway,71,371,60.00,88.00,1066.668701,VSP_>=30,>=50 mph,40,212.002869,15.235939,0.127415,3.114212,0.049929
1,2,19,7,6,8,9,Freeway,0,372, 0.00,-88.00,0.000000,VSP_0_3,0_25 mph,1,15.726170,1.130187,0.001979,0.036456,0.003711
1,2,19,7,6,8,9,Freeway,1,373,60.00,88.00,1066.668579,VSP_>=30,>=50 mph,40,212.002869,15.235939,0.127415,3.114212,0.049929
1,2,19,7,6,8,9,Freeway,2,374,60.00, 0.00,11.488420,VSP_9_12,>=50 mph,35,71.244240,5.120086,0.052112,0.240673,0.012929
1,2,19,7,6,8,9,Freeway,3,375,60.00, 0.00,11.489421,VSP_9_12,>=50 mph,35,71.244240,5.120086,0.052112,0.240673,0.012929
1,2,19,7,6,8,9,Freeway,4,376,60.00, 0.00,11.488907,VSP_9_12,>=50 mph,35,71.244240,5.120086,0.052112,0.240673,0.012929
1,2,19,7,6,8,9,Freeway,5,377,60.00,-0.00,11.487533,VSP_9_12,>=50 mph,35,71.244240,5.120086,0.052112,0.240673,0.012929
1,2,19,7,6,8,9,Freeway,6,378,60.00,-0.00,11.486279,VSP_9_12,>=50 mph,35,71.244240,5.120086,0.052112,0.240673,0.012929
1,2,19,7,6,8,9,Freeway,7,379, 0.00,-88.00,0.000000,VSP_0_3,0_25 mph,1,15.726170,1.130187,0.001979,0.036456,0.003711
1,2,19,7,6,8,9,Freeway,8,380, 0.00, 0.00,0.000000,VSP_0_3,0_25 mph,1,15.726170,1.130187,0.001979,0.036456,0.003711
1,2,19,7,6,8,9,Freeway,9,381, 0.00, 0.00,0.000000,VSP_0_3,0_25 mph,1,15.726170,1.130187,0.001979,0.036456,0.003711
1,2,19,7,6,8,9,Freeway,10,382, 0.00, 0.00,0.000000,VSP_0_3,0_25 mph,1,15.726170,1.130187,0.001979,0.036456,0.003711
1,2,19,7,6,8,9,Freeway,11,383, 0.00, 0.00,0.000000,VSP_0_3,0_25 mph,1,15.726170,1.130187,0.001979,0.036456,0.003711
1,2,19,7,6,8,9,Freeway,12,384, 0.00, 0.00,0.000000,VSP_0_3,0_25 mph,1,15.726170,1.130187,0.001979,0.036456,0.003711
1,2,19,7,6,8,9,Freeway,13,385, 0.00, 0.00,0.000000,VSP_0_3,0_25 mph,1,15.726170,1.130187,0.001979,0.036456,0.003711
1,2,19,7,6,8,9,Freeway,14,386, 0.00, 0.00,0.000000,VSP_0_3,0_25 mph,1,15.726170,1.130187,0.001979,0.036456,0.003711
1,2,19,7,6,8,9,Freeway,15,387, 0.00, 0.00,0.000000,VSP_0_3,0_25 mph,1,15.726170,1.130187,0.001979,0.036456,0.003711
1,2,19,7,6,8,9,Freeway,16,388, 0.00, 0.00,0.000000,VSP_0_3,0_25 mph,1,15.726170,1.130187,0.001979,0.036456,0.003711
1,2,19,7,6,8,9,Freeway,17,389, 0.00, 0.00,0.000000,VSP_0_3,0_25 mph,1,15.726170,1.130187,0.001979,0.036456,0.003711
1,2,19,7,6,8,9,Freeway,18,390, 0.00, 0.00,0.000000,VSP_0_3,0_25 mph,1,15.726170,1.130187,0.001979,0.036456,0.003711
1,2,19,7,6,8,9,Freeway,19,391, 0.00, 0.00,0.000000,VSP_0_3,0_25 mph,1,15.726170,1.130187,0.001979,0.036456,0.003711
1,2,19,7,6,8,9,Freeway,20,392, 0.00, 0.00,0.000000,VSP_0_3,0_25 mph,1,15.726170,1.130187,0.001979,0.036456,0.003711
1,2,19,7,6,8,9,Freeway,21,393, 0.00, 0.00,0.000000,VSP_0_3,0_25 mph,1,15.726170,1.130187,0.001979,0.036456,0.003711
1,2,19,7,6,8,9,Freeway,22,394, 0.00, 0.00,0.000000,VSP_0_3,0_25 mph,1,15.726170,1.130187,0.001979,0.036456,0.003711
1,2,19,7,6,8,9,Freeway,23,395, 0.00, 0.00,0.000000,VSP_0_3,0_25 mph,1,15.726170,1.130187,0.001979,0.036456,0.003711
1,2,19,7,6,8,9,Freeway,24,396, 0.00, 0.00,0.000000,VSP_0_3,0_25 mph,1,15.726170,1.130187,0.001979,0.036456,0.003711
1,2,19,7,6,8,9,Freeway,25,397, 0.00, 0.00,0.000000,VSP_0_3,0_25 mph,1,15.726170,1.130187,0.001979,0.036456,0.003711
1,2,19,7,6,8,9,Freeway,26,398, 0.00, 0.00,0.000000,VSP_0_3,0_25 mph,1,15.726170,1.130187,0.001979,0.036456,0.003711
1,2,19,7,6,8,9,Freeway,27,399, 0.00, 0.00,0.000000,VSP_0_3,0_25 mph,1,15.726170,1.130187,0.001979,0.036456,0.003711
1,2,19,7,6,8,9,Freeway,28,400, 0.00, 0.00,0.000000,VSP_0_3,0_25 mph,1,15.726170,1.130187,0.001979,0.036456,0.003711
1,2,19,7,6,8,9,Freeway,29,401, 0.00, 0.00,0.000000,VSP_0_3,0_25 mph,1,15.726170,1.130187,0.001979,0.036456,0.003711
1,2,19,7,6,8,9,Freeway,30,402, 0.00, 0.00,0.000000,VSP_0_3,0_25 mph,1,15.726170,1.130187,0.001979,0.036456,0.003711
1,2,19,7,6,8,9,Freeway,31,403, 0.00, 0.00,0.000000,VSP_0_3,0_25 mph,1,15.726170,1.130187,0.001979,0.036456,0.003711
1,2,19,7,6,8,9,Freeway,32,404, 0.00, 0.00,0.000000,VSP_0_3,0_25 mph,1,15.726170,1.130187,0.001979,0.036456,0.003711
1,2,19,7,6,8,9,Freeway,33,405, 0.00, 0.00,0.000000,VSP_0_3,0_25 mph,1,15.726170,1.130187,0.001979,0.036456,0.003711
1,2,19,7,6,8,9,Freeway,34,406, 0.00, 0.00,0.000000,VSP_0_3,0_25 mph,1,15.726170,1.130187,0.001979,0.036456,0.003711
1,2,19,7,6,8,9,Freeway,35,407, 0.00, 0.00,0.000000,VSP_0_3,0_25 mph,1,15.726170,1.130187,0.001979,0.036456,0.003711
1,2,19,7,6,8,9,Freeway,36,408, 0.00, 0.00,0.000000,VSP_0_3,0_25 mph,1,15.726170,1.130187,0.001979,0.036456,0.003711
1,2,19,7,6,8,9,Freeway,37,409, 0.00, 0.00,0.000000,VSP_0_3,0_25 mph,1,15.726170,1.130187,0.001979,0.036456,0.003711
1,2,19,7,6,8,9,Freeway,38,410, 0.00, 0.00,0.000000,VSP_0_3,0_25 mph,1,15.726170,1.130187,0.001979,0.036456,0.003711
1,2,19,7,6,8,9,Freeway,39,411, 0.00, 0.00,0.000000,VSP_0_3,0_25 mph,1,15.726170,1.130187,0.001979,0.036456,0.003711
1,2,19,7,6,8,9,Freeway,40,412, 0.00, 0.00,0.000000,VSP_0_3,0_25 mph,1,15.726170,1.130187,0.001979,0.036456,0.003711
1,2,19,7,6,8,9,Freeway,41,413, 0.00, 0.00,0.000000,VSP_0_3,0_25 mph,1,15.726170,1.130187,0.001979,0.036456,0.003711
1,2,19,7,6,8,9,Freeway,42,414, 0.00, 0.00,0.000000,VSP_0_3,0_25 mph,1,15.726170,1.130187,0.001979,0.036456,0.003711
1,2,19,7,6,8,9,Freeway,43,415, 0.00, 0.00,0.000000,VSP_0_3,0_25 mph,1,15.726170,1.130187,0.001979,0.036456,0.003711
1,2,19,7,6,8,9,Freeway,44,416,60.00,88.00,1066.669067,VSP_>=30,>=50 mph,40,212.002869,15.235939,0.127415,3.114212,0.049929
1,2,19,7,6,8,9,Freeway,45,417,60.00, 0.00,11.489657,VSP_9_12,>=50 mph,35,71.244240,5.120086,0.052112,0.240673,0.012929
1,2,19,7,6,8,9,Freeway,46,418,60.00, 0.00,11.488457,VSP_9_12,>=50 mph,35,71.244240,5.120086,0.052112,0.240673,0.012929
1,2,19,7,7,8,9,Freeway,47,419,-392.00,-662.93,49946.667969,VSP_>=30,0_25 mph,0,18.965370,1.362978,0.002552,0.039394,0.009384
1,2,19,7,7,8,9,Freeway,48,420,60.00,662.93,7960.498047,VSP_>=30,>=50 mph,40,212.002869,15.235939,0.127415,3.114212,0.049929
1,2,19,7,7,8,9,Freeway,49,421,60.00, 0.00,11.488379,VSP_9_12,>=50 mph,35,71.244240,5.120086,0.052112,0.240673,0.012929
1,2,19,7,7,8,9,Freeway,50,422,60.00, 0.00,11.488379,VSP_9_12,>=50 mph,35,71.244240,5.120086,0.052112,0.240673,0.012929
1,2,19,7,7,8,9,Freeway,51,423,60.00, 0.00,11.488379,VSP_9_12,>=50 mph,35,71.244240,5.120086,0.052112,0.240673,0.012929
1,2,19,7,7,8,9,Freeway,52,424,60.00, 0.00,11.488379,VSP_9_12,>=50 mph,35,71.244240,5.120086,0.052112,0.240673,0.012929
1,2,19,7,7,8,9,Freeway,53,425,60.00, 0.00,11.488379,VSP_9_12,>=50 mph,35,71.244240,5.120086,0.052112,0.240673,0.012929
1,2,19,7,7,8,9,Freeway,54,426,60.00, 0.00,11.494536,VSP_9_12,>=50 mph,35,71.244240,5.120086,0.052112,0.240673,0.012929
1,2,19,7,7,8,9,Freeway,55,427,60.00, 0.00,11.488533,VSP_9_12,>=50 mph,35,71.244240,5.120086,0.052112,0.240673,0.012929
1,2,19,7,7,8,9,Freeway,56,428,60.00, 0.00,11.488533,VSP_9_12,>=50 mph,35,71.244240,5.120086,0.052112,0.240673,0.012929
1,2,19,7,7,8,9,Freeway,57,429,60.00, 0.00,11.488533,VSP_9_12,>=50 mph,35,71.244240,5.120086,0.052112,0.240673,0.012929
1,2,19,7,7,8,9,Freeway,58,430,60.00, 0.00,11.488533,VSP_9_12,>=50 mph,35,71.244240,5.120086,0.052112,0.240673,0.012929
1,2,19,7,7,8,9,Freeway,59,431,60.00,-0.00,11.484070,VSP_9_12,>=50 mph,35,71.244240,5.120086,0.052112,0.240673,0.012929
1,2,19,7,7,9,10,Freeway,0,432, 0.00,-88.00,0.000000,VSP_0_3,0_25 mph,1,15.726170,1.130187,0.001979,0.036456,0.003711
1,2,19,7,7,9,10,Freeway,1,433,60.00,88.00,1066.668579,VSP_>=30,>=50 mph,40,212.002869,15.235939,0.127415,3.114212,0.049929
1,2,19,7,7,9,10,Freeway,2,434,60.00, 0.00,11.488420,VSP_9_12,>=50 mph,35,71.244240,5.120086,0.052112,0.240673,0.012929
1,2,19,7,7,9,10,Freeway,3,435,60.00,-0.00,11.488343,VSP_9_12,>=50 mph,35,71.244240,5.120086,0.052112,0.240673,0.012929
1,2,19,7,7,9,10,Freeway,4,436,60.00, 0.00,11.489957,VSP_9_12,>=50 mph,35,71.244240,5.120086,0.052112,0.240673,0.012929
1,2,19,7,7,9,10,Freeway,5,437,60.00, 0.00,11.488457,VSP_9_12,>=50 mph,35,71.244240,5.120086,0.052112,0.240673,0.012929
1,2,19,7,7,9,10,Freeway,6,438,60.00,-0.00,11.485994,VSP_9_12,>=50 mph,35,71.244240,5.120086,0.052112,0.240673,0.012929
1,2,19,7,7,9,10,Freeway,7,439,60.00,-0.00,11.487780,VSP_9_12,>=50 mph,35,71.244240,5.120086,0.052112,0.240673,0.012929
1,2,19,7,7,9,10,Freeway,8,440,60.00, 0.00,11.488379,VSP_9_12,>=50 mph,35,71.244240,5.120086,0.052112,0.240673,0.012929
1,2,19,7,7,9,10,Freeway,9,441,60.00, 0.00,11.488379,VSP_9_12,>=50 mph,35,71.244240,5.120086,0.052112,0.240673,0.012929
1,2,19,7,7,9,10,Freeway,10,442,60.00, 0.00,11.488379,VSP_9_12,>=50 mph,35,71.244240,5.120086,0.052112,0.240673,0.012929
1,2,19,7,7,9,10,Freeway,11,443,60.00, 0.00,11.490842,VSP_9_12,>=50 mph,35,71.244240,5.120086,0.052112,0.240673,0.012929
1,2,19,7,7,9,10,Freeway,12,444,60.00, 0.00,11.492135,VSP_9_12,>=50 mph,35,71.244240,5.120086,0.052112,0.240673,0.012929
1,2,19,7,7,9,10,Freeway,13,445,60.00, 0.00,11.488533,VSP_9_12,>=50 mph,35,71.244240,5.120086,0.052112,0.240673,0.012929
1,2,19,7,7,9,10,Freeway,14,446,60.00, 0.00,11.488533,VSP_9_12,>=50 mph,35,71.244240,5.120086,0.052112,0.240673,0.012929
1,2,19,7,7,9,10,Freeway,15,447,60.00, 0.00,11.488533,VSP_9_12,>=50 mph,35,71.244240,5.120086,0.052112,0.240673,0.012929
1,2,19,7,7,9,10,Freeway,16,448,60.00, 0.00,11.488533,VSP_9_12,>=50 mph,35,71.244240,5.120086,0.052112,0.240673,0.012929
1,2,19,7,7,9,10,Freeway,17,449,60.00, 0.00,11.488533,VSP_9_12,>=50 mph,35,71.244240,5.120086,0.052112,0.240673,0.012929
1,2,19,7,7,9,10,Freeway,18,450,60.00, 0.00,11.488533,VSP_9_12,>=50 mph,35,71.244240,5.120086,0.052112,0.240673,0.012929
1,2,19,7,7,9,10,Freeway,19,451,60.00, 0.00,11.488533,VSP_9_12,>=50 mph,35,71.244240,5.120086,0.052112,0.240673,0.012929
1,2,19,7,7,9,10,Freeway,20,452,60.00, 0.00,11.488533,VSP_9_12,>=50 mph,35,71.244240,5.120086,0.052112,0.240673,0.012929
1,2,19,7,7,9,10,Freeway,21,453,60.00, 0.00,11.488533,VSP_9_12,>=50 mph,35,71.244240,5.120086,0.052112,0.240673,0.012929
1,2,19,7,7,9,10,Freeway,22,454,60.00, 0.00,11.488533,VSP_9_12,>=50 mph,35,71.244240,5.120086,0.052112,0.240673,0.012929
1,2,19,7,7,9,10,Freeway,23,455,60.00, 0.00,11.488533,VSP_9_12,>=50 mph,35,71.244240,5.120086,0.052112,0.240673,0.012929
1,2,19,7,7,9,10,Freeway,24,456,60.00, 0.00,11.488533,VSP_9_12,>=50 mph,35,71.244240,5.120086,0.052112,0.240673,0.012929
1,2,19,7,7,9,10,Freeway,25,457,60.00, 0.00,11.488533,VSP_9_12,>=50 mph,35,71.244240,5.120086,0.052112,0.240673,0.012929
1,2,19,7,7,9,10,Freeway,26,458,60.00, 0.00,11.488533,VSP_9_12,>=50 mph,35,71.244240,5.120086,0.052112,0.240673,0.012929
1,2,19,7,7,9,10,Freeway,27,459,60.00, 0.00,11.488533,VSP_9_12,>=50 mph,35,71.244240,5.120086,0.052112,0.240673,0.012929
1,2,19,7,7,9,10,Freeway,28,460,60.00, 0.00,11.488533,VSP_9_12,>=50 mph,35,71.244240,5.120086,0.052112,0.240673,0.012929
1,2,19,7,7,9,10,Freeway,29,461,60.00, 0.00,11.488533,VSP_9_12,>=50 mph,35,71.244240,5.120086,0.052112,0.240673,0.012929
1,2,19,7,7,9,10,Freeway,30,462,60.00, 0.00,11.488533,VSP_9_12,>=50 mph,35,71.244240,5.120086,0.052112,0.240673,0.012929
1,2,19,7,7,9,10,Freeway,31,463,60.00, 0.00,11.488533,VSP_9_12,>=50 mph,35,71.244240,5.120086,0.052112,0.240673,0.012929
1,2,19,7,7,9,10,Freeway,32,464,60.00, 0.00,11.488533,VSP_9_12,>=50 mph,35,71.244240,5.120086,0.052112,0.240673,0.012929
1,2,19,7,7,9,10,Freeway,33,465,60.00, 0.00,11.488533,VSP_9_12,>=50 mph,35,71.244240,5.120086,0.052112,0.240673,0.012929
1,2,19,7,7,9,10,Freeway,34,466,60.00, 0.00,11.488533,VSP_9_12,>=50 mph,35,71.244240,5.120086,0.052112,0.240673,0.012929
1,2,19,7,7,9,10,Freeway,35,467,60.00, 0.00,11.488533,VSP_9_12,>=50 mph,35,71.244240,5.120086,0.052112,0.240673,0.012929
1,2,19,7,7,9,10,Freeway,36,468,60.00, 0.00,11.488533,VSP_9_12,>=50 mph,35,71.244240,5.120086,0.052112,0.240673,0.012929
1,2,19,7,7,9,10,Freeway,37,469,60.00, 0.00,11.488533,VSP_9_12,>=50 mph,35,71.244240,5.120086,0.052112,0.240673,0.012929
1,2,19,7,7,9,10,Freeway,38,470,60.00, 0.00,11.488533,VSP_9_12,>=50 mph,35,71.244240,5.120086,0.052112,0.240673,0.012929
1,2,19,7,7,9,10,Freeway,39,471,60.00, 0.00,11.488533,VSP_9_12,>=50 mph,35,71.244240,5.120086,0.052112,0.240673,0.012929
1,2,19,7,7,9,10,Freeway,40,472,60.00, 0.00,11.488533,VSP_9_12,>=50 mph,35,71.244240,5.120086,0.052112,0.240673,0.012929
1,2,19,7,7,9,10,Freeway,41,473,60.00, 0.00,11.488533,VSP_9_12,>=50 mph,35,71.244240,5.120086,0.052112,0.240673,0.012929
1,2,19,7,7,9,10,Freeway,42,474,60.00, 0.00,11.488533,VSP_9_12,>=50 mph,35,71.244240,5.120086,0.052112,0.240673,0.012929
1,2,19,7,7,9,10,Freeway,43,475,60.00, 0.00,11.488533,VSP_9_12,>=50 mph,35,71.244240,5.120086,0.052112,0.240673,0.012929
1,2,19,7,7,9,10,Freeway,44,476,60.00, 0.00,11.488533,VSP_9_12,>=50 mph,35,71.244240,5.120086,0.052112,0.240673,0.012929
1,2,19,7,7,9,10,Freeway,45,477,60.00, 0.00,11.488533,VSP_9_12,>=50 mph,35,71.244240,5.120086,0.052112,0.240673,0.012929
1,2,19,7,7,9,10,Freeway,46,478,60.00, 0.00,11.488533,VSP_9_12,>=50 mph,35,71.244240,5.120086,0.052112,0.240673,0.012929
1,2,19,7,8,9,10,Freeway,47,479,60.00, 0.00,11.488533,VSP_9_12,>=50 mph,35,71.244240,5.120086,0.052112,0.240673,0.012929
1,2,19,7,8,9,10,Freeway,48,480,60.00, 0.00,11.488533,VSP_9_12,>=50 mph,35,71.244240,5.120086,0.052112,0.240673,0.012929
1,2,19,7,8,9,10,Freeway,49,481,60.00, 0.00,11.488533,VSP_9_12,>=50 mph,35,71.244240,5.120086,0.052112,0.240673,0.012929
1,2,19,7,8,9,10,Freeway,50,482,60.00, 0.00,11.488533,VSP_9_12,>=50 mph,35,71.244240,5.120086,0.052112,0.240673,0.012929
1,2,19,7,8,9,10,Freeway,51,483,60.00, 0.00,11.488533,VSP_9_12,>=50 mph,35,71.244240,5.120086,0.052112,0.240673,0.012929
1,2,19,7,8,9,10,Freeway,52,484,60.00, 0.00,11.488533,VSP_9_12,>=50 mph,35,71.244240,5.120086,0.052112,0.240673,0.012929
1,2,19,7,8,9,10,Freeway,53,485,60.00, 0.00,11.488533,VSP_9_12,>=50 mph,35,71.244240,5.120086,0.052112,0.240673,0.012929
1,2,19,7,8,9,10,Freeway,54,486,60.00, 0.00,11.488533,VSP_9_12,>=50 mph,35,71.244240,5.120086,0.052112,0.240673,0.012929
1,2,19,7,8,9,10,Freeway,55,487,60.00, 0.00,11.488533,VSP_9_12,>=50 mph,35,71.244240,5.120086,0.052112,0.240673,0.012929
1,2,19,7,8,9,10,Freeway,56,488,60.00, 0.00,11.488533,VSP_9_12,>=50 mph,35,71.244240,5.120086,0.052112,0.240673,0.012929
1,2,19,7,8,9,10,Freeway,57,489,60.00, 0.00,11.488533,VSP_9_12,>=50 mph,35,71.244240,5.120086,0.052112,0.240673,0.012929
1,2,19,7,8,9,10,Freeway,58,490,60.00, 0.00,11.488533,VSP_9_12,>=50 mph,35,71.244240,5.120086,0.052112,0.240673,0.012929
1,2,19,7,8,9,10,Freeway,59,491,60.00,-0.00,11.484070,VSP_9_12,>=50 mph,35,71.244240,5.120086,0.052112,0.240673,0.012929
1,2,19,7,8,9,10,Freeway,60,492,60.00, 0.00,11.488422,VSP_9_12,>=50 mph,35,71.244240,5.120086,0.052112,0.240673,0.012929
1,2,19,7,8,10,11,Freeway,1,493,60.00,88.00,1066.668579,VSP_>=30,>=50 mph,40,212.002869,15.235939,0.127415,3.114212,0.049929
1,2,19,7,8,10,11,Freeway,2,494,60.00, 0.00,11.488420,VSP_9_12,>=50 mph,35,71.244240,5.120086,0.052112,0.240673,0.012929
1,2,19,7,8,10,11,Freeway,3,495,60.00, 0.00,11.489421,VSP_9_12,>=50 mph,35,71.244240,5.120086,0.052112,0.240673,0.012929
1,2,19,7,8,10,11,Freeway,4,496,60.00, 0.00,11.488907,VSP_9_12,>=50 mph,35,71.244240,5.120086,0.052112,0.240673,0.012929
1,2,19,7,8,10,11,Freeway,5,497,60.00,-0.00,11.487533,VSP_9_12,>=50 mph,35,71.244240,5.120086,0.052112,0.240673,0.012929
1,2,19,7,8,10,11,Freeway,6,498,60.00,-0.00,11.486279,VSP_9_12,>=50 mph,35,71.244240,5.120086,0.052112,0.240673,0.012929
1,2,19,7,8,10,11,Freeway,7,499,60.00, 0.00,11.488379,VSP_9_12,>=50 mph,35,71.244240,5.120086,0.052112,0.240673,0.012929
1,2,19,7,8,10,11,Freeway,8,500,60.00, 0.00,11.488379,VSP_9_12,>=50 mph,35,71.244240,5.120086,0.052112,0.240673,0.012929
1,2,19,7,8,10,11,Freeway,9,501,60.00, 0.00,11.488379,VSP_9_12,>=50 mph,35,71.244240,5.120086,0.052112,0.240673,0.012929
1,2,19,7,8,10,11,Freeway,10,502,60.00, 0.00,11.488379,VSP_9_12,>=50 mph,35,71.244240,5.120086,0.052112,0.240673,0.012929
1,2,19,7,8,10,11,Freeway,11,503,60.00, 0.00,11.494536,VSP_9_12,>=50 mph,35,71.244240,5.120086,0.052112,0.240673,0.012929
1,2,19,7,8,10,11,Freeway,12,504,60.00, 0.00,11.488533,VSP_9_12,>=50 mph,35,71.244240,5.120086,0.052112,0.240673,0.012929
1,2,19,7,8,10,11,Freeway,13,505,60.00, 0.00,11.488533,VSP_9_12,>=50 mph,35,71.244240,5.120086,0.052112,0.240673,0.012929
1,2,19,7,8,10,11,Freeway,14,506,60.00, 0.00,11.488533,VSP_9_12,>=50 mph,35,71.244240,5.120086,0.052112,0.240673,0.012929
1,2,19,7,8,10,11,Freeway,15,507,60.00, 0.00,11.488533,VSP_9_12,>=50 mph,35,71.244240,5.120086,0.052112,0.240673,0.012929
1,2,19,7,8,10,11,Freeway,16,508,60.00, 0.00,11.488533,VSP_9_12,>=50 mph,35,71.244240,5.120086,0.052112,0.240673,0.012929
1,2,19,7,8,10,11,Freeway,17,509,60.00, 0.00,11.488533,VSP_9_12,>=50 mph,35,71.244240,5.120086,0.052112,0.240673,0.012929
1,2,19,7,8,10,11,Freeway,18,510,60.00, 0.00,11.488533,VSP_9_12,>=50 mph,35,71.244240,5.120086,0.052112,0.240673,0.012929
1,2,19,7,8,10,11,Freeway,19,511,60.00, 0.00,11.488533,VSP_9_12,>=50 mph,35,71.244240,5.120086,0.052112,0.240673,0.012929
1,2,19,7,8,10,11,Freeway,20,512,60.00, 0.00,11.488533,VSP_9_12,>=50 mph,35,71.244240,5.120086,0.052112,0.240673,0.012929
1,2,19,7,8,10,11,Freeway,21,513,60.00, 0.00,11.488533,VSP_9_12,>=50 mph,35,71.244240,5.120086,0.052112,0.240673,0.012929
1,2,19,7,8,10,11,Freeway,22,514,60.00, 0.00,11.488533,VSP_9_12,>=50 mph,35,71.244240,5.120086,0.052112,0.240673,0.012929
1,2,19,7,8,10,11,Freeway,23,515,60.00, 0.00,11.488533,VSP_9_12,>=50 mph,35,71.244240,5.120086,0.052112,0.240673,0.012929
1,2,19,7,8,10,11,Freeway,24,516,60.00, 0.00,11.488533,VSP_9_12,>=50 mph,35,71.244240,5.120086,0.052112,0.240673,0.012929
1,2,19,7,8,10,11,Freeway,25,517,60.00, 0.00,11.488533,VSP_9_12,>=50 mph,35,71.244240,5.120086,0.052112,0.240673,0.012929
1,2,19,7,8,10,11,Freeway,26,518,124.00,93.87,2401.052490,VSP_>=30,>=50 mph,40,212.002869,15.235939,0.127415,3.114212,0.049929
1,2,19,7,8,10,11,Freeway,27,519,60.00,-93.87,-1114.045654,VSP_<=0,>=50 mph,0,18.965370,1.362978,0.002552,0.039394,0.009384
1,2,19,7,8,10,11,Freeway,28,520,60.00, 0.00,11.488533,VSP_9_12,>=50 mph,35,71.244240,5.120086,0.052112,0.240673,0.012929
1,2,19,7,8,10,11,Freeway,29,521,60.00, 0.00,11.488533,VSP_9_12,>=50 mph,35,71.244240,5.120086,0.052112,0.240673,0.012929
1,2,19,7,8,10,11,Freeway,30,522,60.00, 0.00,11.488533,VSP_9_12,>=50 mph,35,71.244240,5.120086,0.052112,0.240673,0.012929
1,2,19,7,8,10,11,Freeway,31,523,60.00, 0.00,11.488533,VSP_9_12,>=50 mph,35,71.244240,5.120086,0.052112,0.240673,0.012929
1,2,19,7,8,10,11,Freeway,32,524,60.00, 0.00,11.488533,VSP_9_12,>=50 mph,35,71.244240,5.120086,0.052112,0.240673,0.012929
1,2,19,7,8,10,11,Freeway,33,525,60.00, 0.00,11.488533,VSP_9_12,>=50 mph,35,71.244240,5.120086,0.052112,0.240673,0.012929
1,2,19,7,8,10,11,Freeway,34,526,60.00, 0.00,11.488533,VSP_9_12,>=50 mph,35,71.244240,5.120086,0.052112,0.240673,0.012929
1,2,19,7,8,10,11,Freeway,35,527,60.00, 0.00,11.488533,VSP_9_12,>=50 mph,35,71.244240,5.120086,0.052112,0.240673,0.012929
1,2,19,7,8,10,11,Freeway,36,528,60.00, 0.00,11.488533,VSP_9_12,>=50 mph,35,71.244240,5.120086,0.052112,0.240673,0.012929
1,2,19,7,8,10,11,Freeway,37,529,60.00, 0.00,11.488533,VSP_9_12,>=50 mph,35,71.244240,5.120086,0.052112,0.240673,0.012929
1,2,19,7,8,10,11,Freeway,38,530,60.00, 0.00,11.488533,VSP_9_12,>=50 mph,35,71.244240,5.120086,0.052112,0.240673,0.012929
1,2,19,7,8,10,11,Freeway,39,531,60.00, 0.00,11.488533,VSP_9_12,>=50 mph,35,71.244240,5.120086,0.052112,0.240673,0.012929
1,2,19,7,8,10,11,Freeway,40,532,60.00,-0.00,11.486071,VSP_9_12,>=50 mph,35,71.244240,5.120086,0.052112,0.240673,0.012929
1,2,19,7,8,10,11,Freeway,41,533,60.00, 0.00,11.490934,VSP_9_12,>=50 mph,35,71.244240,5.120086,0.052112,0.240673,0.012929
1,2,19,7,8,10,11,Freeway,42,534,60.00, 0.00,11.488533,VSP_9_12,>=50 mph,35,71.244240,5.120086,0.052112,0.240673,0.012929
1,2,19,7,8,10,11,Freeway,43,535,60.00, 0.00,11.488533,VSP_9_12,>=50 mph,35,71.244240,5.120086,0.052112,0.240673,0.012929
1,2,19,7,8,10,11,Freeway,44,536,60.00, 0.00,11.488533,VSP_9_12,>=50 mph,35,71.244240,5.120086,0.052112,0.240673,0.012929
1,2,19,7,8,10,11,Freeway,45,537,60.00, 0.00,11.488533,VSP_9_12,>=50 mph,35,71.244240,5.120086,0.052112,0.240673,0.012929
1,2,19,7,8,10,11,Freeway,46,538,60.00, 0.00,11.488533,VSP_9_12,>=50 mph,35,71.244240,5.120086,0.052112,0.240673,0.012929
1,2,19,7,9,10,11,Freeway,47,539,60.00, 0.00,11.488533,VSP_9_12,>=50 mph,35,71.244240,5.120086,0.052112,0.240673,0.012929
1,2,19,7,9,10,11,Freeway,48,540,60.00, 0.00,11.488533,VSP_9_12,>=50 mph,35,71.244240,5.120086,0.052112,0.240673,0.012929
1,2,19,7,9,10,11,Freeway,49,541,60.00, 0.00,11.488533,VSP_9_12,>=50 mph,35,71.244240,5.120086,0.052112,0.240673,0.012929
1,2,19,7,9,10,11,Freeway,50,542,60.00, 0.00,11.488533,VSP_9_12,>=50 mph,35,71.244240,5.120086,0.052112,0.240673,0.012929
1,2,19,7,9,10,11,Freeway,51,543,60.00, 0.00,11.488533,VSP_9_12,>=50 mph,35,71.244240,5.120086,0.052112,0.240673,0.012929
1,2,19,7,9,10,11,Freeway,52,544,60.00, 0.00,11.488533,VSP_9_12,>=50 mph,35,71.244240,5.120086,0.052112,0.240673,0.012929
1,2,19,7,9,10,11,Freeway,53,545,60.00, 0.00,11.488533,VSP_9_12,>=50 mph,35,71.244240,5.120086,0.052112,0.240673,0.012929
1,2,19,7,9,10,11,Freeway,54,546,60.00, 0.00,11.488533,VSP_9_12,>=50 mph,35,71.244240,5.120086,0.052112,0.240673,0.012929
1,2,19,7,9,10,11,Freeway,55,547,60.00, 0.00,11.488533,VSP_9_12,>=50 mph,35,71.244240,5.120086,0.052112,0.240673,0.012929
1,2,19,7,9,10,11,Freeway,56,548,60.00, 0.00,11.488533,VSP_9_12,>=50 mph,35,71.244240,5.120086,0.052112,0.240673,0.012929
1,2,19,7,9,10,11,Freeway,57,549,60.00, 0.00,11.488533,VSP_9_12,>=50 mph,35,71.244240,5.120086,0.052112,0.240673,0.012929
1,2,19,7,9,10,11,Freeway,58,550,60.00, 0.00,11.488533,VSP_9_12,>=50 mph,35,71.244240,5.120086,0.052112,0.240673,0.012929
1,2,19,7,9,10,11,Freeway,59,551,60.00,-0.00,11.484070,VSP_9_12,>=50 mph,35,71.244240,5.120086,0.052112,0.240673,0.012929
1,2,19,7,9,11,12,Freeway,0,552, 0.00,-88.00,0.000000,VSP_0_3,0_25 mph,1,15.726170,1.130187,0.001979,0.036456,0.003711
1,2,19,7,9,11,12,Freeway,1,553,60.00,88.00,1066.668579,VSP_>=30,>=50 mph,40,212.002869,15.235939,0.127415,3.114212,0.049929
1,2,19,7,9,11,12,Freeway,2,554,60.00, 0.00,11.488420,VSP_9_12,>=50 mph,35,71.244240,5.120086,0.052112,0.240673,0.012929
1,2,19,7,9,11,12,Freeway,3,555,60.00, 0.00,11.489421,VSP_9_12,>=50 mph,35,71.244240,5.120086,0.052112,0.240673,0.012929
1,2,19,7,9,11,12,Freeway,4,556,60.00, 0.00,11.488907,VSP_9_12,>=50 mph,35,71.244240,5.120086,0.052112,0.240673,0.012929
1,2,19,7,9,11,12,Freeway,5,557,60.00,-0.00,11.487533,VSP_9_12,>=50 mph,35,71.244240,5.120086,0.052112,0.240673,0.012929
1,2,19,7,9,11,12,Freeway,6,558,60.00,-0.00,11.486279,VSP_9_12,>=50 mph,35,71.244240,5.120086,0.052112,0.240673,0.012929
1,2,19,7,9,11,12,Freeway,7,559,60.00, 0.00,11.488379,VSP_9_12,>=50 mph,35,71.244240,5.120086,0.052112,0.240673,0.012929
1,2,19,7,9,11,12,Freeway,8,560,60.00, 0.00,11.488379,VSP_9_12,>=50 mph,35,71.244240,5.120086,0.052112,0.240673,0.012929
1,2,19,7,9,11,12,Freeway,9,561,60.00, 0.00,11.488379,VSP_9_12,>=50 mph,35,71.244240,5.120086,0.052112,0.240673,0.012929
1,2,19,7,9,11,12,Freeway,10,562,60.00, 0.00,11.490842,VSP_9_12,>=50 mph,35,71.244240,5.120086,0.052112,0.240673,0.012929
1,2,19,7,9,11,12,Freeway,11,563,60.00, 0.00,11.492135,VSP_9_12,>=50 mph,35,71.244240,5.120086,0.052112,0.240673,0.012929
1,2,19,7,9,11,12,Freeway,12,564,60.00, 0.00,11.488533,VSP_9_12,>=50 mph,35,71.244240,5.120086,0.052112,0.240673,0.012929
1,2,19,7,9,11,12,Freeway,13,565,60.00, 0.00,11.488533,VSP_9_12,>=50 mph,35,71.244240,5.120086,0.052112,0.240673,0.012929
1,2,19,7,9,11,12,Freeway,14,566,60.00, 0.00,11.488533,VSP_9_12,>=50 mph,35,71.244240,5.120086,0.052112,0.240673,0.012929
1,2,19,7,9,11,12,Freeway,15,567,60.00, 0.00,11.488533,VSP_9_12,>=50 mph,35,71.244240,5.120086,0.052112,0.240673,0.012929
1,2,19,7,9,11,12,Freeway,16,568,60.00, 0.00,11.488533,VSP_9_12,>=50 mph,35,71.244240,5.120086,0.052112,0.240673,0.012929
1,2,19,7,9,11,12,Freeway,17,569,60.00, 0.00,11.488533,VSP_9_12,>=50 mph,35,71.244240,5.120086,0.052112,0.240673,0.012929
1,2,19,7,9,11,12,Freeway,18,570,60.00, 0.00,11.488533,VSP_9_12,>=50 mph,35,71.244240,5.120086,0.052112,0.240673,0.012929
1,2,19,7,9,11,12,Freeway,19,571,60.00, 0.00,11.488533,VSP_9_12,>=50 mph,35,71.244240,5.120086,0.052112,0.240673,0.012929
1,2,19,7,9,11,12,Freeway,20,572,60.00,-0.00,11.487302,VSP_9_12,>=50 mph,35,71.244240,5.120086,0.052112,0.240673,0.012929
1,2,19,7,9,11,12,Freeway,21,573,60.00, 0.00,11.489734,VSP_9_12,>=50 mph,35,71.244240,5.120086,0.052112,0.240673,0.012929
1,2,19,7,9,11,12,Freeway,22,574,60.00, 0.00,11.488533,VSP_9_12,>=50 mph,35,71.244240,5.120086,0.052112,0.240673,0.012929
1,2,19,7,9,11,12,Freeway,23,575,60.00, 0.00,11.488533,VSP_9_12,>=50 mph,35,71.244240,5.120086,0.052112,0.240673,0.012929
1,2,19,7,9,11,12,Freeway,24,576,60.00, 0.00,11.488533,VSP_9_12,>=50 mph,35,71.244240,5.120086,0.052112,0.240673,0.012929
1,2,19,7,9,11,12,Freeway,25,577,60.00, 0.00,11.488533,VSP_9_12,>=50 mph,35,71.244240,5.120086,0.052112,0.240673,0.012929
1,2,19,7,9,11,12,Freeway,26,578,60.00, 0.00,11.488533,VSP_9_12,>=50 mph,35,71.244240,5.120086,0.052112,0.240673,0.012929
1,2,19,7,9,11,12,Freeway,27,579,60.00, 0.00,11.488533,VSP_9_12,>=50 mph,35,71.244240,5.120086,0.052112,0.240673,0.012929
1,2,19,7,9,11,12,Freeway,28,580,60.00, 0.00,11.488533,VSP_9_12,>=50 mph,35,71.244240,5.120086,0.052112,0.240673,0.012929
1,2,19,7,9,11,12,Freeway,29,581,60.00, 0.00,11.488533,VSP_9_12,>=50 mph,35,71.244240,5.120086,0.052112,0.240673,0.012929
1,2,19,7,9,11,12,Freeway,30,582,60.00, 0.00,11.488533,VSP_9_12,>=50 mph,35,71.244240,5.120086,0.052112,0.240673,0.012929
1,2,19,7,9,11,12,Freeway,31,583,60.00, 0.00,11.488533,VSP_9_12,>=50 mph,35,71.244240,5.120086,0.052112,0.240673,0.012929
1,2,19,7,9,11,12,Freeway,32,584,60.00, 0.00,11.488533,VSP_9_12,>=50 mph,35,71.244240,5.120086,0.052112,0.240673,0.012929
1,2,19,7,9,11,12,Freeway,33,585,60.00, 0.00,11.488533,VSP_9_12,>=50 mph,35,71.244240,5.120086,0.052112,0.240673,0.012929
1,2,19,7,9,11,12,Freeway,34,586,60.00, 0.00,11.488533,VSP_9_12,>=50 mph,35,71.244240,5.120086,0.052112,0.240673,0.012929
1,2,19,7,9,11,12,Freeway,35,587,60.00, 0.00,11.488533,VSP_9_12,>=50 mph,35,71.244240,5.120086,0.052112,0.240673,0.012929
1,2,19,7,9,11,12,Freeway,36,588,60.00, 0.00,11.488533,VSP_9_12,>=50 mph,35,71.244240,5.120086,0.052112,0.240673,0.012929
1,2,19,7,9,11,12,Freeway,37,589,60.00, 0.00,11.488533,VSP_9_12,>=50 mph,35,71.244240,5.120086,0.052112,0.240673,0.012929
1,2,19,7,9,11,12,Freeway,38,590,60.00, 0.00,11.488533,VSP_9_12,>=50 mph,35,71.244240,5.120086,0.052112,0.240673,0.012929
1,2,19,7,9,11,12,Freeway,39,591,60.00, 0.00,11.488533,VSP_9_12,>=50 mph,35,71.244240,5.120086,0.052112,0.240673,0.012929
1,2,19,7,9,11,12,Freeway,40,592,60.00, 0.00,11.488533,VSP_9_12,>=50 mph,35,71.244240,5.120086,0.052112,0.240673,0.012929
1,2,19,7,9,11,12,Freeway,41,593,60.00, 0.00,11.488533,VSP_9_12,>=50 mph,35,71.244240,5.120086,0.052112,0.240673,0.012929
1,2,19,7,9,11,12,Freeway,42,594,60.00, 0.00,11.488533,VSP_9_12,>=50 mph,35,71.244240,5.120086,0.052112,0.240673,0.012929
1,2,19,7,9,11,12,Freeway,43,595,60.00, 0.00,11.488533,VSP_9_12,>=50 mph,35,71.244240,5.120086,0.052112,0.240673,0.012929
1,2,19,7,9,11,12,Freeway,44,596,60.00, 0.00,11.488533,VSP_9_12,>=50 mph,35,71.244240,5.120086,0.052112,0.240673,0.012929
1,2,19,7,9,11,12,Freeway,45,597,60.00, 0.00,11.488533,VSP_9_12,>=50 mph,35,71.244240,5.120086,0.052112,0.240673,0.012929
1,2,19,7,9,11,12,Freeway,46,598,60.00, 0.00,11.488533,VSP_9_12,>=50 mph,35,71.244240,5.120086,0.052112,0.240673,0.012929
1,2,19,7,10,11,12,Freeway,47,599,60.00, 0.00,11.488533,VSP_9_12,>=50 mph,35,71.244240,5.120086,0.052112,0.240673,0.012929
1,2,19,7,10,11,12,Freeway,48,600,60.00, 0.00,11.488533,VSP_9_12,>=50 mph,35,71.244240,5.120086,0.052112,0.240673,0.012929
1,2,19,7,10,11,12,Freeway,49,601,60.00, 0.00,11.488533,VSP_9_12,>=50 mph,35,71.244240,5.120086,0.052112,0.240673,0.012929
1,2,19,7,10,11,12,Freeway,50,602,60.00, 0.00,11.488533,VSP_9_12,>=50 mph,35,71.244240,5.120086,0.052112,0.240673,0.012929
1,2,19,7,10,11,12,Freeway,51,603,60.00, 0.00,11.488533,VSP_9_12,>=50 mph,35,71.244240,5.120086,0.052112,0.240673,0.012929
1,2,19,7,10,11,12,Freeway,52,604,60.00, 0.00,11.488533,VSP_9_12,>=50 mph,35,71.244240,5.120086,0.052112,0.240673,0.012929
1,2,19,7,10,11,12,Freeway,53,605,60.00, 0.00,11.488533,VSP_9_12,>=50 mph,35,71.244240,5.120086,0.052112,0.240673,0.012929
1,2,19,7,10,11,12,Freeway,54,606,60.00, 0.00,11.488533,VSP_9_12,>=50 mph,35,71.244240,5.120086,0.052112,0.240673,0.012929
1,2,19,7,10,11,12,Freeway,55,607,60.00, 0.00,11.488533,VSP_9_12,>=50 mph,35,71.244240,5.120086,0.052112,0.240673,0.012929
1,2,19,7,10,11,12,Freeway,56,608,60.00, 0.00,11.488533,VSP_9_12,>=50 mph,35,71.244240,5.120086,0.052112,0.240673,0.012929
1,2,19,7,10,11,12,Freeway,57,609,60.00, 0.00,11.488533,VSP_9_12,>=50 mph,35,71.244240,5.120086,0.052112,0.240673,0.012929
1,2,19,7,10,11,12,Freeway,58,610,60.00, 0.00,11.488533,VSP_9_12,>=50 mph,35,71.244240,5.120086,0.052112,0.240673,0.012929
1,2,19,7,10,11,12,Freeway,59,611,60.00,-0.00,11.484070,VSP_9_12,>=50 mph,35,71.244240,5.120086,0.052112,0.240673,0.012929
1,2,19,7,10,12,2,Freeway,0,612, 0.00,-88.00,0.000000,VSP_0_3,0_25 mph,1,15.726170,1.130187,0.001979,0.036456,0.003711
1,2,19,7,10,12,2,Freeway,1,613,60.00,88.00,1066.668579,VSP_>=30,>=50 mph,40,212.002869,15.235939,0.127415,3.114212,0.049929
1,2,19,7,10,12,2,Freeway,2,614,60.00, 0.00,11.488420,VSP_9_12,>=50 mph,35,71.244240,5.120086,0.052112,0.240673,0.012929
1,2,19,7,10,12,2,Freeway,3,615,60.00, 0.00,11.489421,VSP_9_12,>=50 mph,35,71.244240,5.120086,0.052112,0.240673,0.012929
1,2,19,7,10,12,2,Freeway,4,616,60.00, 0.00,11.488907,VSP_9_12,>=50 mph,35,71.244240,5.120086,0.052112,0.240673,0.012929
1,2,19,7,10,12,2,Freeway,5,617,60.00,-0.00,11.487533,VSP_9_12,>=50 mph,35,71.244240,5.120086,0.052112,0.240673,0.012929
1,2,19,7,10,12,2,Freeway,6,618,60.00,-0.00,11.486279,VSP_9_12,>=50 mph,35,71.244240,5.120086,0.052112,0.240673,0.012929
1,2,19,7,10,12,2,Freeway,7,619,60.00, 0.00,11.488379,VSP_9_12,>=50 mph,35,71.244240,5.120086,0.052112,0.240673,0.012929
1,2,19,7,10,12,2,Freeway,8,620,60.00, 0.00,11.488379,VSP_9_12,>=50 mph,35,71.244240,5.120086,0.052112,0.240673,0.012929
1,2,19,7,10,12,2,Freeway,9,621,60.00, 0.00,11.488379,VSP_9_12,>=50 mph,35,71.244240,5.120086,0.052112,0.240673,0.012929
1,2,19,7,10,12,2,Freeway,10,622,60.00, 0.00,11.490842,VSP_9_12,>=50 mph,35,71.244240,5.120086,0.052112,0.240673,0.012929
1,2,19,7,10,12,2,Freeway,11,623,60.00, 0.00,11.492135,VSP_9_12,>=50 mph,35,71.244240,5.120086,0.052112,0.240673,0.012929
1,2,19,7,10,12,2,Freeway,12,624,60.00, 0.00,11.488533,VSP_9_12,>=50 mph,35,71.244240,5.120086,0.052112,0.240673,0.012929
1,2,19,7,10,12,2,Freeway,13,625,60.00, 0.00,11.488533,VSP_9_12,>=50 mph,35,71.244240,5.120086,0.052112,0.240673,0.012929
1,2,19,7,10,12,2,Freeway,14,626,60.00, 0.00,11.488533,VSP_9_12,>=50 mph,35,71.244240,5.120086,0.052112,0.240673,0.012929
1,2,19,7,10,12,2,Freeway,15,627,60.00, 0.00,11.488533,VSP_9_12,>=50 mph,35,71.244240,5.120086,0.052112,0.240673,0.012929
1,2,19,7,10,12,2,Freeway,16,628,60.00, 0.00,11.488533,VSP_9_12,>=50 mph,35,71.244240,5.120086,0.052112,0.240673,0.012929
1,2,19,7,10,12,2,Freeway,17,629,60.00, 0.00,11.488533,VSP_9_12,>=50 mph,35,71.244240,5.120086,0.052112,0.240673,0.012929
1,2,19,7,10,12,2,Freeway,18,630,60.00, 0.00,11.488533,VSP_9_12,>=50 mph,35,71.244240,5.120086,0.052112,0.240673,0.012929
1,2,19,7,10,12,2,Freeway,19,631,60.00, 0.00,11.488533,VSP_9_12,>=50 mph,35,71.244240,5.120086,0.052112,0.240673,0.012929
1,2,19,7,10,12,2,Freeway,20,632,60.00,-0.00,11.487302,VSP_9_12,>=50 mph,35,71.244240,5.120086,0.052112,0.240673,0.012929
1,2,19,7,10,12,2,Freeway,21,633,60.00, 0.00,11.489734,VSP_9_12,>=50 mph,35,71.244240,5.120086,0.052112,0.240673,0.012929
1,2,19,7,10,12,2,Freeway,22,634,60.00, 0.00,11.488533,VSP_9_12,>=50 mph,35,71.244240,5.120086,0.052112,0.240673,0.012929
1,2,19,7,10,12,2,Freeway,23,635,60.00, 0.00,11.488533,VSP_9_12,>=50 mph,35,71.244240,5.120086,0.052112,0.240673,0.012929
1,2,19,7,10,12,2,Freeway,24,636,60.00, 0.00,11.488533,VSP_9_12,>=50 mph,35,71.244240,5.120086,0.052112,0.240673,0.012929
1,2,19,7,10,12,2,Freeway,25,637,60.00, 0.00,11.488533,VSP_9_12,>=50 mph,35,71.244240,5.120086,0.052112,0.240673,0.012929
1,2,19,7,10,12,2,Freeway,26,638,60.00, 0.00,11.488533,VSP_9_12,>=50 mph,35,71.244240,5.120086,0.052112,0.240673,0.012929
1,2,19,7,10,12,2,Freeway,27,639,60.00, 0.00,11.488533,VSP_9_12,>=50 mph,35,71.244240,5.120086,0.052112,0.240673,0.012929
1,2,19,7,10,12,2,Freeway,28,640,60.00, 0.00,11.488533,VSP_9_12,>=50 mph,35,71.244240,5.120086,0.052112,0.240673,0.012929
1,2,19,7,10,12,2,Freeway,29,641,60.00, 0.00,11.488533,VSP_9_12,>=50 mph,35,71.244240,5.120086,0.052112,0.240673,0.012929
1,2,19,7,10,12,2,Freeway,30,642,60.00, 0.00,11.488533,VSP_9_12,>=50 mph,35,71.244240,5.120086,0.052112,0.240673,0.012929
1,2,19,7,10,12,2,Freeway,31,643,60.00, 0.00,11.488533,VSP_9_12,>=50 mph,35,71.244240,5.120086,0.052112,0.240673,0.012929
1,2,19,7,10,12,2,Freeway,32,644,60.00, 0.00,11.488533,VSP_9_12,>=50 mph,35,71.244240,5.120086,0.052112,0.240673,0.012929
1,2,19,7,10,12,2,Freeway,33,645,60.00, 0.00,11.488533,VSP_9_12,>=50 mph,35,71.244240,5.120086,0.052112,0.240673,0.012929
1,2,19,7,10,12,2,Freeway,34,646,60.00, 0.00,11.488533,VSP_9_12,>=50 mph,35,71.244240,5.120086,0.052112,0.240673,0.012929
1,2,19,7,10,12,2,Freeway,35,647,60.00, 0.00,11.488533,VSP_9_12,>=50 mph,35,71.244240,5.120086,0.052112,0.240673,0.012929
1,2,19,7,10,12,2,Freeway,36,648,60.00, 0.00,11.488533,VSP_9_12,>=50 mph,35,71.244240,5.120086,0.052112,0.240673,0.012929
1,2,19,7,10,12,2,Freeway,37,649,60.00, 0.00,11.488533,VSP_9_12,>=50 mph,35,71.244240,5.120086,0.052112,0.240673,0.012929
1,2,19,7,10,12,2,Freeway,38,650,60.00, 0.00,11.488533,VSP_9_12,>=50 mph,35,71.244240,5.120086,0.052112,0.240673,0.012929
1,2,19,7,10,12,2,Freeway,39,651,60.00, 0.00,11.488533,VSP_9_12,>=50 mph,35,71.244240,5.120086,0.052112,0.240673,0.012929
1,2,19,7,10,12,2,Freeway,40,652,60.00, 0.00,11.488533,VSP_9_12,>=50 mph,35,71.244240,5.120086,0.052112,0.240673,0.012929
1,2,19,7,10,12,2,Freeway,41,653,60.00, 0.00,11.488533,VSP_9_12,>=50 mph,35,71.244240,5.120086,0.052112,0.240673,0.012929
1,2,19,7,10,12,2,Freeway,42,654,60.00, 0.00,11.488533,VSP_9_12,>=50 mph,35,71.244240,5.120086,0.052112,0.240673,0.012929
1,2,19,7,10,12,2,Freeway,43,655,60.00, 0.00,11.488533,VSP_9_12,>=50 mph,35,71.244240,5.120086,0.052112,0.240673,0.012929
1,2,19,7,10,12,2,Freeway,44,656,60.00, 0.00,11.488533,VSP_9_12,>=50 mph,35,71.244240,5.120086,0.052112,0.240673,0.012929
1,2,19,7,10,12,2,Freeway,45,657,60.00, 0.00,11.488533,VSP_9_12,>=50 mph,35,71.244240,5.120086,0.052112,0.240673,0.012929
1,2,19,7,10,12,2,Freeway,46,658,60.00, 0.00,11.488533,VSP_9_12,>=50 mph,35,71.244240,5.120086,0.052112,0.240673,0.012929
1,2,19,7,11,12,2,Freeway,47,659,60.00, 0.00,11.488533,VSP_9_12,>=50 mph,35,71.244240,5.120086,0.052112,0.240673,0.012929
1,2,19,7,11,12,2,Freeway,48,660,60.00, 0.00,11.488533,VSP_9_12,>=50 mph,35,71.244240,5.120086,0.052112,0.240673,0.012929
1,2,19,7,11,12,2,Freeway,49,661,60.00, 0.00,11.488533,VSP_9_12,>=50 mph,35,71.244240,5.120086,0.052112,0.240673,0.012929
1,2,19,7,11,12,2,Freeway,50,662,60.00, 0.00,11.488533,VSP_9_12,>=50 mph,35,71.244240,5.120086,0.052112,0.240673,0.012929
1,2,19,7,11,12,2,Freeway,51,663,60.00, 0.00,11.488533,VSP_9_12,>=50 mph,35,71.244240,5.120086,0.052112,0.240673,0.012929
1,2,19,7,11,12,2,Freeway,52,664,60.00, 0.00,11.488533,VSP_9_12,>=50 mph,35,71.244240,5.120086,0.052112,0.240673,0.012929
1,2,19,7,11,12,2,Freeway,53,665,60.00, 0.00,11.488533,VSP_9_12,>=50 mph,35,71.244240,5.120086,0.052112,0.240673,0.012929
1,2,19,7,11,12,2,Freeway,54,666,60.00, 0.00,11.488533,VSP_9_12,>=50 mph,35,71.244240,5.120086,0.052112,0.240673,0.012929
1,2,19,7,11,12,2,Freeway,55,667,60.00, 0.00,11.488533,VSP_9_12,>=50 mph,35,71.244240,5.120086,0.052112,0.240673,0.012929
1,2,19,7,11,12,2,Freeway,56,668,60.00, 0.00,11.488533,VSP_9_12,>=50 mph,35,71.244240,5.120086,0.052112,0.240673,0.012929
1,2,19,7,11,12,2,Freeway,57,669,60.00, 0.00,11.488533,VSP_9_12,>=50 mph,35,71.244240,5.120086,0.052112,0.240673,0.012929
1,2,19,7,11,12,2,Freeway,58,670,60.00, 0.00,11.488533,VSP_9_12,>=50 mph,35,71.244240,5.120086,0.052112,0.240673,0.012929
1,2,19,7,11,12,2,Freeway,59,671,60.00, 0.00,11.488533,VSP_9_12,>=50 mph,35,71.244240,5.120086,0.052112,0.240673,0.012929
1,2,19,7,11,12,2,Freeway,60,672,59.99,-0.02,11.271870,VSP_9_12,>=50 mph,35,71.244240,5.120086,0.052112,0.240673,0.012929
1,2,19,7,11,12,2,Freeway,61,673, 0.00,-87.98,0.000000,VSP_0_3,0_25 mph,1,15.726170,1.130187,0.001979,0.036456,0.003711
1,2,19,7,11,12,2,Freeway,62,674, 0.00, 0.00,0.000000,VSP_0_3,0_25 mph,1,15.726170,1.130187,0.001979,0.036456,0.003711
1,2,19,7,11,12,2,Freeway,63,675,-3600.00,-5280.00,2243324.750000,VSP_>=30,0_25 mph,0,18.965370,1.362978,0.002552,0.039394,0.009384
1,2,19,7,11,12,2,Freeway,64,676,60.00,5368.00,64377.484375,VSP_>=30,>=50 mph,40,212.002869,15.235939,0.127415,3.114212,0.049929,31.583494,287.314178,2.741050,20.224977,0.787314
